K1N6N5,31473
K1H8M5,2538
M4N3M6,2149
M3J1P3,1945
C3E9F9,1645
H1C1H1,1592
E8F0F6,950
H1P3C6,838
H3W1M6,810
H9H9H9,514
K1H8L6,467
H4A1T6,383
H3B3J7,325
K1S1C3,254
B2B2B2,229
K1N7B7,166
A9A8A8,158
E5F2F5,157
E1C6B3,157
B9A9F0,157
E6C6E9,157
C1F5D2,157
V4W3W1,148
L4V1N3,139
V5C6A8,139
E4L1E2,132
E4L1C6,122
E9F3F5,119
B1F1A7,118
C0C7C6,111
E7C7A8,111
K1Y4E9,109
K0H2P0,102
L2M7W7,102
E0A8C8,101
C5C3C3,101
C8E1D6,101
E9F4D9,101
L9T6Z5,98
E5E5E5,97
A0A0A0,94
N0B5D9,93
M5A4K2,91
B4A3B8,88
C0C0C0,87
E8D2B7,85
B2D6A6,85
C3C7C9,85
C5E7F2,85
E0O1M9,85
C4B8C3,85
V6X3H6,85
E3O1M9,83
M5R1A6,83
E4L1E4,83
R3C4A4,82
N2G1A6,82
E5O1M9,81
E4O1M9,81
K0E1T0,77
T9H2L0,72
A3A8C3,68
J4M2A5,67
E4E4E4,66
V2R4G9,65
V6B2L3,65
V5Z4L6,63
V2S1L9,63
L5G4S1,61
A1F7D9,60
H9B2E1,60
J3E1A4,59
K1P1A4,59
E1E1E1,59
J4B1T6,58
J3H2N8,58
J2S4Y8,58
E0E0E0,56
K1H8L1,54
V0J2N0,54
J3L2L7,53
C3C3C3,52
J3L1Y4,51
J4B1K4,51
E9E8F5,51
J4B3E5,50
C5B6C5,49
E4L1A7,48
V6V6J6,48
M5V3H5,48
J0H1A0,47
B6E5F9,47
A3E5B3,47
J3E2J1,46
K1N1H3,45
C4E9E5,44
K0H1Z0,43
A8A8A8,43
S6H3J8,42
E7F5A0,41
C8C6E5,41
A9C7D7,40
E3E3E3,40
V3N1J1,39
T2A0T4,39
C8A5E9,38
C6A7B8,38
G9H9H9,38
G8F8F8,38
A6F2A0,38
E7E7E7,38
C2D1A1,37
A5A5A5,37
K1N6X1,36
B2N5V2,36
J3V2A5,35
V5G4K6,35
C6B1F7,33
J4N1R4,33
B4B6B6,33
A3B6D7,33
H2J2Y3,33
K1H7X3,33
H4C2E1,33
K0A1L0,33
B8D3E2,33
L5N1A5,32
R0L1Z0,32
H3Z1W9,32
T2P4L4,31
E8E9E2,31
H3H2R5,31
A8E8C9,30
M5T2C7,30
E8E8E8,30
H4B3A4,29
L5L3V3,29
C4C4C4,29
T5K0L5,29
B2B1B0,28
M5G1N8,28
K0H2S0,28
H1Z3T6,28
A2E6A4,27
J2S8T2,27
J0S1K0,26
B3J3N2,26
M3C3N7,26
N2H6P7,26
J3Y3N7,25
J2S7W5,25
H2X1K1,25
A6A6A6,25
N0G2P0,25
C6D1C2,24
A8A5D1,24
A5F7A2,24
H9H9H8,24
C3B7D1,24
K1Y4W7,24
J6E1E5,24
E1C1G1,24
E6E6E6,24
A9A9A9,24
V6B0G6,24
K1Z7S8,24
B0A2E4,23
M4S1Y5,23
V8Z1X5,23
V6C3C1,23
M4W3H8,23
K1A0S5,23
K1A0R5,23
H8F8F8,22
B0D1E0,22
K1N9N2,22
J6T6C1,22
H1P3H3,22
E1E7A5,21
C9F3D5,21
N0D0G8,21
E8D9D6,21
V3B0G5,21
V6T1K6,21
M5G1L7,21
E2E2E2,21
E4A8C1,20
G8G8F8,20
B2E6D7,20
B0B7B2,20
J8T8J7,20
H1K4W9,20
K1S1C4,20
J3P1N5,20
J3A1E5,20
L1W3E6,20
E8C6B7,19
B7D5D0,19
R3C0V8,19
L3Y2N7,19
J4K2M3,19
B1P6J4,19
Y4I5T8,19
J3Y7R9,19
B3B3B3,19
E4L1G9,19
J9J1E8,19
B9D5C4,18
G9H9H8,18
E6A9E8,18
K1N9B1,18
J3G0B8,18
E2A4T1,18
C8C8C8,18
B1C4D5,18
J2K1K3,18
K7K7B4,18
G0C2L0,18
E9E9E9,18
C0C1C1,17
K4M1A8,17
A5C2B8,17
E4L1A6,17
B6B6B6,17
E4L1C7,17
J2G1T7,17
R0E0C0,17
B5B5B5,17
J3P3C7,16
B8A6D8,16
H9H8G9,16
A9B8D7,16
T6E1X2,16
H1L6P2,16
T0E1E0,16
H1A1T5,16
H1E7E4,16
K1A0R6,16
R3K0Y2,16
R0H0R0,16
K1V9B4,16
N2G4J1,16
R8N0N1,16
B0D3C1,15
J3A1T6,15
C6E7D6,15
A4F3A5,15
C5F6D0,15
J3V2H4,15
J3G2T1,15
J2S2T2,15
V5B4L9,15
K1H6L8,15
T5H4K1,15
H2X1X1,15
J7V7H4,15
T5S2L5,15
G0J2L0,15
C9D2D8,15
T6B2J9,15
T2M0J9,15
T2R0B6,15
B2V1E7,15
T2V0Y9,15
V5G1L7,15
C1D6D4,14
C0C4C3,14
C6E2A7,14
A9B2D6,14
G8F8G8,14
H8G9H9,14
G9H8G9,14
G9G8G9,14
G8G9G8,14
G8F9G8,14
A9E9C8,14
B9B4B0,14
E3F5A9,14
V3N3R5,14
V3N2K1,14
L2T3L2,14
T4N6Y5,14
T1A4X4,14
J0S1H0,14
C0B1P0,14
V5H1K7,14
L6T5H8,14
V5J5H3,14
V3N2H8,14
B3S1B5,14
V4E2A6,14
V2R4G4,14
T9E6X2,14
R6W4B7,14
R7A6C3,14
V5A4X6,14
B5D8A2,13
E6C4B6,13
J4M2Y8,13
A1F7C5,13
A5E5E1,13
J8B1A2,13
A7A7A7,13
K1A0J9,13
K1A0C5,13
B9B9B9,13
M6M3W2,13
M9N2R3,13
M2R1Z3,13
M6A2N4,13
M6S4W4,13
K1R7S8,13
E6C0C0,13
C1A4N4,13
N8W3S5,13
L4K5X1,13
L4K1C3,13
M4W1J5,13
M1P2S8,13
L2S3V7,13
N6E1R2,13
N2C1N7,13
L8N1H2,13
N1K1T2,13
N1M3E2,13
R3T2N2,13
H4N2N4,13
C0A1H0,13
B3K5J7,13
L7S1V2,13
N4S1H3,13
V6X1Z7,13
V3L3A2,13
V1X4J2,13
V5J2B7,13
J6K1C7,12
B5B8C8,12
G8G9H9,12
G8F8G9,12
G8F9G9,12
A0A8B8,12
E8B8D6,12
R2C2Z2,12
C0F7C3,12
B0E0E6,12
K1Y4G2,12
N8Y1R4,12
K2C3V4,12
K1H7W9,12
K1N9N1,12
C6C6C6,12
R7A3W9,12
R3C1V4,12
V8R1J5,12
V5K2A7,12
L1S1P1,12
M5A2B2,12
N2H2M2,12
M5R1A9,12
P7C3J6,12
L8R3M2,12
L8R1B6,12
K1Z5Z8,12
S7K2B1,12
S4P0P4,12
A1C2W6,12
M9C5K7,12
N0A1M0,12
J5R1C1,12
K1A0H3,12
R2V2A2,12
R3C2E6,12
R0J1E0,12
R0C1B0,12
R0G0J0,12
B0B0B0,12
L1G3V0,12
G0C1J0,12
N3Y4H3,12
T2N2A1,12
T5K1C5,12
B0J3B0,12
B2H5K7,12
B1P6R8,12
B4H4B8,12
B4V1S9,12
E3C1N8,12
R0C0A0,12
V5E2S1,12
E8F0E8,11
E3B3C1,11
B7D0F5,11
A3E0B4,11
C1F8E2,11
A0F7F0,11
V3W3W8,11
E4L1C9,11
V5J1Z5,11
V5A2S2,11
V5B3X9,11
J0L1R0,11
E5F2F9,11
C5C5B4,11
R8N0N3,11
B8B8B8,11
M5B1J3,11
B3L4P1,11
L5S1V7,11
R3B3H6,11
R0B0E0,11
V5E2J5,11
V5G2V5,11
K1N8P5,11
B5F9C4,10
C5E5D6,10
C8F2B5,10
E7E3C0,10
E5D4C8,10
G8G8F9,10
G8G9G9,10
G8G8G8,10
G9G8G8,10
B0B0E3,10
N2B2F2,10
J4B6S2,10
K1N8S7,10
K1P5H3,10
E9A8E7,10
A8C6B5,10
J0L1C0,10
A4A2D5,10
J0H2P0,10
J2S3H2,10
V5A2C9,10
V5J1Y2,10
M5H3Y2,10
K8A3K2,10
T2N1N4,10
K1S5B6,10
N2G1W2,10
H2R1V5,10
E3D3C7,10
X4D2Y5,10
K2P1W7,10
R3G0P1,10
S7K6M6,10
B3B1M2,10
V8L1W9,10
R3T2H5,10
R5H1C1,10
R0L1P0,10
R0A0Y0,10
R2C5C7,10
L0S1J0,10
V5G2B2,10
V5H3L7,10
V3J7B6,10
T0L1E0,9
C1D0C5,9
C4D9B1,9
J3B8J3,9
K2H8R6,9
E8F1F5,9
A1M0Y3,9
B4B1C8,9
H4L0A1,9
H1A5V6,9
M5J2S1,9
V5G2P6,9
A4A4A4,9
K1A0K9,9
C9C9C9,9
J4H3Y9,9
K2B6R7,9
C1C1C1,9
X1A2L9,9
R3Y1G4,9
R2V3C8,9
R0C2Z0,9
R0L1S0,9
R0J1Z0,9
R0K0E0,9
V5B2E5,9
H1G6E5,9
L5G3H5,9
R3P0N5,9
R0J1H0,9
G0E1T0,9
G0C1Y0,9
B5A1C9,9
L6W3P8,9
R7N2V5,9
R3Z6R4,9
E1A5T6,9
V5C2C2,9
V5J3H1,9
V3N1T4,9
V3J1M9,9
V3N5C7,9
X2P7J3,8
H1W1T4,8
A2F3F0,8
G9G8F9,8
G9G8F8,8
H9G9G9,8
H8G9G8,8
G8G8G9,8
H8G8F8,8
H9G9H9,8
G8F8F9,8
G9G9G8,8
G9G9G9,8
H9H9G9,8
G9G9H9,8
A2D6D4,8
E4L1G7,8
V5C2B6,8
V5J1B7,8
E4L1E6,8
H1L1A4,8
T0E0Y0,8
H1K4N2,8
V5S1K9,8
V1W1V7,8
C3B3C0,8
M5J2T3,8
H1H1T6,8
V5J2M3,8
V5J1G5,8
V5B3V1,8
V5C4S8,8
N0B0Q2,8
E3B4Y2,8
N1G5E2,8
H1E4M7,8
G0C1K0,8
E9E4D6,8
H1A1X6,8
H1K2G5,8
H1A1A8,8
B5B7B5,8
T2M8L6,8
R9A1L1,8
K1N7G2,8
L9T2T2,8
L6W1V7,8
H1L1A6,8
J4V2Z4,8
B7C2D5,8
R0C3G0,8
R2V3J7,8
R3C2L2,8
R2C1P9,8
R0M2C0,8
R0J0T0,8
R0H0H0,8
R0M0M0,8
R0G0B0,8
V5B4K7,8
V3A3Y8,8
V5A2H5,8
S9H3X3,8
R8N1N5,8
K1A0H4,8
V3J1E9,8
V5E2A4,8
V5B3G4,8
V5B2P4,8
V5E2K1,8
V5A4H5,8
V5C4P5,8
T0J0Y0,7
T0H0W0,7
E9D9B4,7
C8D9B1,7
M2N7E9,7
C7D8A0,7
E8F2A7,7
A0E7A7,7
B8F9C2,7
E7F9D4,7
H2T2N4,7
H2Z1H8,7
C5B7E8,7
B5E4D9,7
V0H1T0,7
R2J0T8,7
E0F8A2,7
E2B1B6,7
K1G0Z5,7
C4A4D6,7
K1H1A2,7
E6A1B1,7
K1A0A6,7
A3F7A3,7
C0D0C3,7
M5X1A4,7
H2L3K5,7
T1K8E1,7
T8A4E3,7
T1J0E7,7
P3L1I5,7
H3W3N2,7
N4E0Z1,7
S5W6U2,7
H4C2F9,7
A5C3K7,7
N1S6V9,7
T6C7A2,7
C8C8E2,7
L5G3H3,7
C7W1Y6,7
A4B3Y0,7
B3F6F9,7
C6O1Y4,7
X7L6N4,7
Y8Z5D8,7
L9J1U6,7
P3K8A9,7
Y8X3I9,7
T3D7C3,7
X4N6M3,7
J8F1P8,7
R1S1W3,7
R9C3F0,7
E9F3A1,7
B0B6C3,7
V1M2N9,7
N2E3B3,7
R2M3G1,7
R2H0R6,7
R2H0H1,7
R3N1Z2,7
R3C0P3,7
R3T4Z7,7
R2M3N6,7
R3J3Y5,7
R2H0G3,7
R2J1C6,7
R0G1Y0,7
R0A1V0,7
R0A1T0,7
R0G2B0,7
R0G1Z0,7
R0G2L0,7
R0G1W0,7
R0G1M0,7
R0G1C0,7
R0E1A0,7
R0A0W0,7
R0C0E0,7
M1X1A7,7
A2A2A2,7
C0B1V0,7
T9G1A6,7
H3G1P5,7
M8H7Z7,7
P0M1L0,7
L6R1B1,7
E3B1A4,6
E0F4D7,6
R2X2P5,6
C5C5C3,6
J3P1M2,6
J2N0A9,6
J3G4J7,6
J2K2Y3,6
J0E2N0,6
J2S4R5,6
H8F8G8,6
H8G8F9,6
H8G8G8,6
H8F8G9,6
H8F8F9,6
H9G9G8,6
H8G8G9,6
H8F9G9,6
G9H9G9,6
H8F9G8,6
H3W2W8,6
J4B4W7,6
J3X1R1,6
B4A7A2,6
H3C3J7,6
P7A5W8,6
T1L1A2,6
T9V0W2,6
H2L4K1,6
J3A1B7,6
J3V2Z5,6
K2H6L3,6
K2G3R4,6
K8A6W5,6
P8N2X6,6
L9Y3Z1,6
E1G2G5,6
M5H3L5,6
J0L1N0,6
K1M0T3,6
J8R1N3,6
E1W1B5,6
E5M2G8,6
K1N5C8,6
R3G0M0,6
R2M3V8,6
V6H3V4,6
G1R4A2,6
N6A3V8,6
G1K7S9,6
B0E3M0,6
H8N3A9,6
R1N3K1,6
R0G1V5,6
K2G5X2,6
K1Y4P6,6
E1C1E6,6
L6W3J1,6
R9A1N1,6
R7A7A3,6
V9P1B9,6
K1P1J1,6
T9C1X6,6
L6W3J3,6
E7E4E0,6
L1J8P7,6
L3V1A9,6
M5T3M7,6
C4E4E8,6
S0K2X0,6
E2E4R2,6
E2L3L6,6
M5V3K2,6
J3V3R3,6
L3K5V3,6
T3N0A1,6
N3Y2V5,6
K0H2G0,6
B3J3K1,6
P4N1W4,6
L8G4A8,6
L4B1K5,6
L6L6L7,6
L3Y8Y8,6
L5N6S2,6
L5J4S9,6
L5C4G3,6
L4W3A4,6
G2M8H7,6
R3G0W4,6
R3N0C7,6
R6W4A4,6
R8N0M7,6
R0C3B0,6
R0J1P0,6
R0A1E0,6
R0J1B0,6
R0L0Y0,6
R7A4E8,6
V5G1W2,6
M5C2W5,6
G5M1Y6,6
G4W3M6,6
G4W3N4,6
G0C1E0,6
C1N5Y2,6
M5G1Z8,6
A1E2E3,6
S0N1Z0,6
V6Z2B7,6
V6J1K1,6
V4A9Z1,6
V3W0A8,6
B3H2Y9,6
V3N5E5,6
H9B3H8,5
B4B0B9,5
H3A2R7,5
A6D9E4,5
E1E0E0,5
V2G5E4,5
C7A1E7,5
G4W4T5,5
K7L3N6,5
C4F4C9,5
A9E5E1,5
J4J2G4,5
J4H1S5,5
A4E4E2,5
N6H1S1,5
A9A4D2,5
R0E0X0,5
J4V2H1,5
J6K4W8,5
H2L4Y5,5
T2R1M7,5
N6A5R8,5
C1C4D0,5
R1Y2F0,5
N2L4K6,5
L5K1R5,5
B3B1R7,5
T0H1L0,5
G1K2K6,5
S4X3L2,5
R3M0E2,5
C3F2C4,5
V2G3P7,5
V3S4J9,5
V2M5T4,5
V3B4A7,5
V2A6W3,5
V0H1V0,5
V2P4L5,5
M5A3X9,5
H1W1X3,5
K1A0L1,5
T2H0G5,5
A1B3X3,5
E8E4D6,5
E6E1D2,5
P4H4U9,5
H3B3N2,5
V3A3X7,5
R3E3H4,5
R1A2C2,5
K1A0L2,5
J3G0C3,5
V0H1H0,5
G1K7P4,5
S7L6A8,5
V3J7X5,5
B8F5C8,5
H2L4K4,5
V5B4A1,5
K1N5Y3,5
B8F4D3,5
G1R5Y4,5
J3B6Z8,5
A7B2B6,5
C0C8E4,5
B9D2C7,5
A8E3B2,5
B4E9F9,5
K2P1X3,5
C6A6D7,5
C8B2E0,5
C0B1M0,5
B8F4E2,5
N2J4J4,5
K1P6A9,5
G5L7Y5,5
V8W9P1,5
R0L2G0,5
R3J0P1,5
R2V3E1,5
R2X2Y3,5
R3C3H8,5
R2G3L4,5
R6W2S2,5
R0K2C0,5
R0B1M0,5
R0J1W0,5
R0C2R0,5
R0C1G0,5
R0G0N0,5
R0K0N0,5
R0K0H0,5
R7A7S1,5
R7A0K4,5
R0E0A0,5
V4T1B3,5
C7C7C7,5
M3B1S9,5
A9B8C2,5
A1A1A1,5
R7N3B3,5
L9T5B6,5
C1A6Y9,5
R3M0W5,5
V1X7G6,5
E4A5B4,4
E9D4D8,4
A0D2F4,4
C5C7C1,4
A6D2B8,4
E3F6E5,4
A2F9C1,4
A8A3A6,4
B3B2F9,4
A5A8B1,4
C9A1E8,4
E5F4D0,4
B7E8B3,4
C3B8D5,4
A8E7C2,4
C2E4D4,4
A5A0B3,4
B9E2F3,4
C9C1A6,4
E0B5A2,4
Y2F5T3,4
A7F7A5,4
B4B4E6,4
A2A2A3,4
B4D5B6,4
B7F7C4,4
E4C2A0,4
E6D6F1,4
E1C5C9,4
A6F9C1,4
E5A6D0,4
C6D3A1,4
B6C7F5,4
A6B6E6,4
B5C0C9,4
A5E3B4,4
E7B4C4,4
B9C8A7,4
E0B1B4,4
A5A8E1,4
A0E6E7,4
A4F4E8,4
C5D4E0,4
A6C9A7,4
A6B0F9,4
C4A4F4,4
E7C5D4,4
E7B7F3,4
C7D5E0,4
B7F2F3,4
C8F4A5,4
A0F2D0,4
C5B8F0,4
A5B3C7,4
C3C9E0,4
E0F1E0,4
A3E5C7,4
C5D8F6,4
C5C4C6,4
A1E7E7,4
E1E1D7,4
A9C5A8,4
B8B1D8,4
B3D2D6,4
B2D5D8,4
C6C1E0,4
B5D5A3,4
E0E5E6,4
A5B4C0,4
A6B5B5,4
E8E4D4,4
B3A8B0,4
E8D1F4,4
A2F5C5,4
B0A0A5,4
E1F7D1,4
A1C7A0,4
A2C5B0,4
B7C2F6,4
E4D2D8,4
A2D1C2,4
E4C0C3,4
E6A2D2,4
E8D4C1,4
E9B3C4,4
C5F3C5,4
B7C6E7,4
B5A5C2,4
B4A8B9,4
M4V1P5,4
A0C6F1,4
E0A8B2,4
C9C3A2,4
E9C0E6,4
A8B3D8,4
A3D8A1,4
B2A6C4,4
A2E2C8,4
C9C2D4,4
A6E0D5,4
E4D5B3,4
A1F3F3,4
E8D0E1,4
B6E4A6,4
C1F9F4,4
A4B8D8,4
A8F8F0,4
E5B3E4,4
B3C4A3,4
A2B2F4,4
A7A5A6,4
B3D1D3,4
C9F1C8,4
C2E6E8,4
A9E7F0,4
C9F2C5,4
B0F2B6,4
E6D5B8,4
E5B4A1,4
B5B3A6,4
E9B9B8,4
A1B2E7,4
E0F3D2,4
A0F8F5,4
B3A9E1,4
K9H7N3,4
B6D5E1,4
E1D8F1,4
B2D7A9,4
B8B6F2,4
C1F2F7,4
E4C5A5,4
C6B2D0,4
B2D6C0,4
C0D5D5,4
A9C7F8,4
A3C4E1,4
L2J0X2,4
B3E7D1,4
B5D8D4,4
B3B3B6,4
B4A4D4,4
A1F3C8,4
B1C7C7,4
E7E4B3,4
B3F7D8,4
E6A2F4,4
T2P5E9,4
C3F4E2,4
A5A8A1,4
A6D7F3,4
A0E3E6,4
K8V5P4,4
E6E0B8,4
H3A3M8,4
T5J3R8,4
E2B9C6,4
E2C3B0,4
M5V1H8,4
E6A2E7,4
V6E3R5,4
C7E0D8,4
A2F4E2,4
E2B7F4,4
E9A4D8,4
A4F3B4,4
E9C8D2,4
M5C2K3,4
S4P3G8,4
A9D6E8,4
C5A1E6,4
C5A7F6,4
M5H1B6,4
T1L1B1,4
C7C7D3,4
C6B5E8,4
B2F3A4,4
E7D2C3,4
A1B5D6,4
B9C7F1,4
B4E1E5,4
E9E3E5,4
E8F4D1,4
E4D6E2,4
A9C5B0,4
B2E3E9,4
C6D3A8,4
B2D4B1,4
A8D1E2,4
C3C3D6,4
C7C3Z7,4
H3B3M5,4
E1B5D9,4
C6B8E2,4
B7A4E6,4
A1C4F0,4
C5D4C4,4
C2D8E4,4
B6A6C1,4
A5F2B9,4
B8A9D2,4
E9D4A7,4
C8B5E5,4
C4D7B7,4
J9P1A1,4
A6B2D3,4
E3A6A4,4
B5A1C4,4
A1D8B1,4
A1E8A4,4
B0C3B0,4
C3B5C4,4
E9F1D0,4
A7E5F2,4
C4E3C8,4
C1B6F1,4
C5D6A5,4
T7A1S8,4
E2F1C5,4
E0A2B5,4
A9C4E7,4
B3B0C9,4
V3C2V5,4
E4E4B9,4
E4E5C3,4
A6E9B5,4
B3F8E0,4
B7B5F8,4
C7B7E9,4
B8B6F8,4
C6B4B9,4
B0A3B5,4
A8C3D7,4
B3C9F5,4
A3B6E7,4
A6F7A3,4
B0E4C7,4
B4B7C4,4
A8E8E1,4
N4K6W2,4
K1N9J1,4
K1A0M7,4
K1Z8R1,4
K2E7P4,4
C8B9B9,4
E4C1E1,4
E4L1B5,4
X2C8G8,4
E3C0B5,4
E7A1D7,4
C5C2E9,4
C4B9A1,4
A5C5E2,4
C8A1A8,4
A4L1N0,4
A4B4F6,4
C8E4F4,4
H9G9H8,4
G9H8F8,4
G9H8G8,4
H8F9H9,4
H9H8F9,4
G9H9G8,4
G9G9H8,4
H8G9H8,4
H9H8F8,4
G8F9H9,4
H9G8G9,4
C3B0F6,4
E4B7F9,4
E8D1B4,4
C2D1F2,4
E5D4E5,4
C8E5A9,4
C2B3A4,4
B5E6F1,4
C0F4C4,4
B6C1A1,4
C3C7B2,4
E2E9A1,4
B1E3F5,4
J4H3S9,4
E7A8D7,4
A4A2F6,4
C0A0B6,4
E0D4D6,4
J2J2J2,4
C9F6F8,4
C7B9E8,4
C8A3E3,4
E3D0C3,4
C0F4E4,4
A3F7B3,4
C9A5D0,4
A2D8C8,4
E8F0E0,4
B7E7C5,4
C9A9B9,4
B6A6B4,4
B2E7B2,4
A1E3A4,4
B5B4E2,4
E9B1C1,4
A6F4B5,4
E3B0E0,4
C1A8A3,4
A8B4B1,4
T7Z1N3,4
E1C9C9,4
E0D9E4,4
A7F5A5,4
B3D7B7,4
B1C9F2,4
E7A6E5,4
E5A8F3,4
E1E4F5,4
E3A9D4,4
E8A8B2,4
B6D8B1,4
V9V1B1,4
H1S1N2,4
K1N8M5,4
A0C1A2,4
H2S2B4,4
E7D4C1,4
C6F5F0,4
G9A5H7,4
T8S1Z4,4
B2C0D2,4
A5C6F6,4
E0C6E9,4
C4F4F2,4
E6C2B7,4
A8E9B4,4
E5B8C7,4
C6E2B7,4
C2E0C8,4
A8A5F1,4
C9E2E8,4
N0R1L0,4
E9D7F7,4
C4B7C3,4
E1F1C3,4
R7B0S3,4
E7B8A7,4
C6E9D9,4
E1D5D9,4
T0L1R0,4
B8A9D7,4
E0A7B5,4
B3F3B2,4
B6C3C8,4
K1P5J3,4
C3C8B5,4
C6E5B2,4
C9A7F4,4
C8D4C1,4
B1F6A6,4
B5B3D9,4
T9M1P1,4
A8C3B2,4
C0E4D6,4
B9B9D2,4
E3C7F9,4
B1A0A6,4
E7F5A7,4
E4A1F1,4
K1J1V0,4
J0E1V0,4
P4N4S4,4
B2A3B2,4
E1E6B0,4
A9A9B7,4
N0B2M0,4
J0K1A0,4
C1A7M4,4
K0L1L0,4
C1B6F9,4
T2R1L5,4
H3B4W8,4
B0E1B0,4
A0E7F0,4
L0L1X0,4
N0K1W0,4
M9W4X5,4
C8A7B5,4
M6H2H8,4
M4X1L7,4
P3A4C4,4
N5A6S6,4
N0H2L0,4
K2A2A8,4
N0K1P0,4
N9Y1G2,4
L8V3N5,4
K0J1T0,4
T5J2B3,4
L5L1C6,4
T7S1H4,4
T0H3N0,4
T8H2C5,4
T4T1H2,4
T4N0G2,4
T0K1W0,4
T9V1W5,4
T8L3T1,4
T6R1J2,4
T5C1J4,4
T5W0Y8,4
T5B4E4,4
T2L2A3,4
T7N1N2,4
J0E2K0,4
S4P0N6,4
S0G4P0,4
S0A2K0,4
T2P4H2,4
J3H3A4,4
J8T8R1,4
R0A0C0,4
B7E4A2,4
B3J3T2,4
R3Y1G5,4
M5X1A1,4
V5T2R1,4
V6C3A6,4
B0H1P0,4
R0B0T0,4
R2M2Z8,4
M5H2R2,4
H1E1M5,4
H1E2Y5,4
H1E3B5,4
H1E7N2,4
H1E5N2,4
H1E3J9,4
H1E3Y3,4
H1E6P7,4
H1L3L2,4
H1A4Y3,4
H1B4A5,4
H1A1B9,4
H1A3W7,4
H1A1R9,4
H1L3T6,4
H1B2W6,4
H1A1J9,4
H1L2N9,4
H1L6K2,4
H1L1E5,4
H1L1A5,4
H1L2L6,4
H1L4X4,4
H1L6J5,4
H1K3V4,4
H1M1W7,4
H1J2Z9,4
H1M3G6,4
H1M1W6,4
H1K5G3,4
H1J1G4,4
H1M2Y2,4
H1K1P2,4
H1M3X6,4
M5J2Y1,4
T0C2J0,4
V5A2H6,4
R2H1R9,4
P1B6P2,4
R7A6K5,4
K1K0T2,4
K1V0Y3,4
R8N0B4,4
B4A1E3,4
M4T1L9,4
C2C2C2,4
K1A0N3,4
A0G3A0,4
A0P1E0,4
L2T3G3,4
H1L2M1,4
H1K3C6,4
H1L5S9,4
H1E1M6,4
H1L4W9,4
H1L2K8,4
H1E4H7,4
H1K1N5,4
H1L2N3,4
S4N7L2,4
T6B2V4,4
L8H5Z1,4
S0A2P0,4
E2E3D9,4
K7M6G4,4
K1N1E3,4
K1N9N3,4
R3T1T6,4
B0B4E7,4
C3B5E1,4
E1D0C9,4
C9C3D0,4
A2D9F9,4
K1H6N5,4
M2H3B8,4
J0V1L0,4
H2S1G5,4
M3H5T8,4
B7B7B3,4
V1M3M3,4
N2L6L1,4
T6J7E6,4
P7B6P2,4
M6G2R8,4
T5M1V6,4
C1N4K6,4
H3K1G6,4
H1N3T1,4
R9A1R7,4
E3Y3S9,4
H3A1T6,4
B2H3P5,4
E0D7B3,4
J0L2L0,4
G0C2B0,4
E1O1M9,4
B4B5C0,4
E4N1E5,4
C3B8E9,4
S0K4L0,4
T2P0L6,4
T2V1P9,4
H3Z1T3,4
B0N2T0,4
J1K2Y3,4
M5E1J8,4
H1S1N1,4
X1A1E2,4
H2Y1P5,4
B3B1L3,4
V2X5A3,4
Y1A2Z5,4
Y1A3H7,4
T0K0G0,4
M4V2Y7,4
E4B2B1,4
E2V4J5,4
T1B1E3,4
A7F7C9,4
C8E2F0,4
V5G1S4,4
R3T0P5,4
R3H0K6,4
R3K0Z1,4
R2X3A6,4
R2C5K5,4
R3W1N3,4
R2C3A7,4
R2N3Y7,4
R3P2M4,4
R3T4S5,4
R3T5V7,4
R3C3H9,4
R3G0N3,4
R3C0J7,4
R3J0Y5,4
R3G0V7,4
R3K0L7,4
R2M3E1,4
R2K4B8,4
R2M5E5,4
R2M4Z5,4
R3N0J4,4
R2M3V7,4
R2G1P3,4
R2V4W3,4
R2W1J7,4
R2X3B9,4
R3P2M6,4
R3T1B6,4
R3C3Z8,4
R2X2J5,4
R3K2G6,4
R2Y2J2,4
R3T2N5,4
R2K2Z4,4
R3J3X1,4
R2V3C4,4
R3K2H7,4
R2K2M3,4
R3T5J9,4
R3M3X7,4
R2C3A8,4
R2N1Z4,4
R2R2E2,4
R3K2C9,4
R2J1A4,4
R2H0R5,4
R2C0P8,4
R3L2E4,4
R3J0P9,4
R2K4H9,4
R2V4Y1,4
R3C1M5,4
R2K2H7,4
R3K2A8,4
R3G0W1,4
R2V2B5,4
R3R3C2,4
R2M3L5,4
R3B0X3,4
R2P1S7,4
R3T2Z1,4
R3B1R1,4
R3E0B7,4
R2J2M8,4
R3T5P3,4
R3R0C6,4
R3M2L6,4
R3J0Z8,4
R2K2L2,4
R3N0E4,4
R2V4E2,4
R2K2M5,4
R3G0C4,4
R3R2P9,4
R3G0R6,4
R2C4J2,4
R2J4A9,4
R3M2A6,4
R3E0C7,4
R3E0M8,4
R2V2H9,4
R3M2W7,4
R3K0X9,4
R2X1W3,4
R3G0M6,4
R3R0G7,4
R2V3T8,4
R3C1M4,4
R2M3T7,4
R3K0W4,4
R2K4C1,4
R3B3C6,4
R2M5M2,4
R2R0Z5,4
R3K2G7,4
R3R0H1,4
R3P0Y4,4
R2C3B4,4
R3M3Z4,4
R3T3L9,4
R3V0A2,4
R2K2L8,4
R3B1S5,4
R2M3N3,4
R2N3M6,4
R3L2B9,4
R3B2A3,4
R6W4B3,4
R0E2G0,4
R0K2G0,4
R0M2E0,4
R0C3E0,4
R0A2K0,4
R0G2V0,4
R8N0M5,4
R8N0M2,4
R9A1S4,4
R9A1K6,4
R0G2S0,4
R5G1Y5,4
R5G0C2,4
R5G1Z1,4
R5G1T7,4
R0G2P0,4
R0M1Y0,4
R5A1A2,4
R0K2A0,4
R1A1T5,4
R1A4M2,4
R1A1T7,4
R0G2J0,4
R0J1V0,4
R0L1R0,4
R0K1X0,4
R0M1X0,4
R0K1W0,4
R0E1P0,4
R1N0K5,4
R1N3C5,4
R1N0M4,4
R1N3N8,4
R1N1W6,4
R0A1K0,4
R0E1L0,4
R0G1P0,4
R0M1S0,4
R0C3J0,4
R0J1L0,4
R0E1J0,4
R0K1T0,4
R0M1P0,4
R0B1B0,4
R0G1K0,4
R6M1V1,4
R6M1E8,4
R0M1M0,4
R0G1H0,4
R0M1L0,4
R0K1K0,4
R0G1G0,4
R0C1Y0,4
R1A2R6,4
R0A0X0,4
R0G1B0,4
R0K1G0,4
R0M0Z0,4
R0A0T0,4
R0G0X0,4
R4H1G2,4
R0M0X0,4
R0M0T0,4
R0A0R0,4
R0K0X0,4
R0B0L0,4
R0L0X0,4
R8A1J8,4
R8A1N3,4
R0C0Z0,4
R0L0T0,4
R0C0W0,4
R0J0P0,4
R0M0N0,4
R2E1G6,4
R0A0H0,4
R7N1K9,4
R7N1C1,4
R7N3H4,4
R0K0P0,4
R0K0L0,4
R7A5B5,4
R7A0L8,4
R7A5C5,4
R7B3X1,4
R7A3R2,4
R7A2Y7,4
R0M0C0,4
R0L0C0,4
R0K0B0,4
R0H0B0,4
L9T3G6,4
T2Z4C9,4
T6E5Y4,4
K2P0B4,4
H2W1Z5,4
G0L2H0,4
E2L4A5,4
L0S1E0,4
S6H0X6,4
L0S1P0,4
H1L6E3,4
H3G1Z1,4
C1A1N9,4
C1A4K8,4
T5J3S4,4
T8N3Z9,4
T7Z1W9,4
M4Y2L4,4
A1N4S9,4
C1N1A9,4
E9C0A1,4
V2S3P1,4
M3A2P8,4
V6H1A6,4
S0N1A0,4
T1K8A8,4
T1K2S2,4
T8X0J2,4
R1A2B2,4
R3A1M5,4
J8X2G7,3
H9R4Y8,3
E5E5E4,3
B5B2F7,3
J4R1S1,3
K1R1A4,3
G6V6Y8,3
C2E0B1,3
E4E4E1,3
R7C1A7,3
T9V0K2,3
S2U6M4,3
X2J9B3,3
E0J4J7,3
Y5Q0F9,3
E6F3E2,3
T2E7E2,3
E7C8F4,3
C1A7A2,3
V8A5C1,3
R0B1A0,3
P2A2L7,3
T1L1K5,3
K7R3S3,3
A0E4F8,3
M4R1K8,3
T9K8D6,3
B1E4D4,3
V8V3K5,3
V8W1H6,3
T7E1V7,3
V2B7C1,3
V9Y5N3,3
K1N9H4,3
M5V1R5,3
T0H1P0,3
C1D0F2,3
H2K4A5,3
H2W2J6,3
K1A0A9,3
L8P1K5,3
E6C5D6,3
H3J1N1,3
E9F5C5,3
T0G2A0,3
T3S0A1,3
P1H2L9,3
P9N1L9,3
P3P1B9,3
L4L4Y6,3
E9E4F4,3
E6A8F3,3
E4F5C1,3
A8F9L8,3
V7M7B9,3
T7M7B9,3
E7M7B9,3
G8M4I1,3
H5G7V0,3
J7H1N3,3
A1B6B3,3
E6B0D8,3
B6D6B6,3
S5A0B1,3
R7B0M5,3
C6E9F2,3
R8N1M3,3
L9Y1B9,3
H9R5M9,3
J3B8C5,3
R2X1P5,3
T5J3E1,3
K1A0A2,3
B5C6D4,3
H4S1J6,3
A5E3F3,3
M5H1J9,3
L1S1R6,3
A5B8C9,3
K1P5S9,3
S7K2Y9,3
R3M3H6,3
K1H8L5,3
H2L4H7,3
R2R0H9,3
K0S0K0,3
J8F8N8,3
H8L8B8,3
N7T7G7,3
G2N2A2,3
T9V9U9,3
G3W3O3,3
C3S3K3,3
E3U3M3,3
G7D7F7,3
X8Q8V8,3
V6Z6R6,3
G1O1G1,3
M6W6M6,3
M3I3M3,3
S7Y7Q7,3
P8N8A8,3
C5E8T3,3
C2K2G2,3
L3Z3F3,3
A3P3T3,3
V4P4T4,3
A1Q1I2,3
P4U4S4,3
G4L4V4,3
T4Y4M4,3
P6H6X6,3
G4E4U4,3
L3D3L3,3
P7E6E2,3
G5L4J2,3
G7H1P4,3
G1S2P7,3
J8Z3G3,3
B9A8E5,3
B7B7B7,3
R2X3B6,3
B2H2J6,3
T9E7X3,3
C1B5F0,3
T5J1R2,3
V7E6K3,3
E4E5F0,3
T9M1L9,3
V3H3C8,3
B4A2B6,3
V7G1G3,3
V6N3J5,3
R3J0B1,3
K0G1V0,3
B0K1V0,3
E3C0G2,3
K0M1S0,3
V6H3N1,3
T5J1A1,3
V6C3E8,3
S7H5C2,3
S7K4B3,3
B6F3F1,3
S7L2T8,3
N9G1S1,3
L4N9G4,3
N9W2Y9,3
H7T2E5,3
L9C6A4,3
B6B3D9,3
A1W3J1,3
J4Y1A4,3
V6V2M5,3
M1W2L8,3
L1W3V5,3
L4W4M6,3
B6B7B2,3
L4K0C3,3
L8N3W1,3
L4B1B9,3
J0C1L0,3
R3C4M2,3
T8A4C2,3
T6J1R4,3
H9X3L4,3
R8N1Z4,3
B6D4C1,3
B2N6C7,3
T2Q2L2,3
V3H4R6,3
R6Z1I9,3
T2P2H9,3
T4C2J7,3
M4L3W6,3
V8R4P1,3
R3M2J9,3
R3V0J6,3
T3E7C6,3
K6V5X1,3
K0G1J0,3
A1D4B9,3
E1G0L7,3
J3E1W8,3
N0G1M0,3
B2X1S5,3
T0E0V0,3
V0H1N0,3
V0N1G0,3
T5R0G6,3
G1E7G3,3
T0G1E0,3
R3H0T8,3
B1S1E9,3
J8B2Y3,3
B0J2C0,3
S0E1E0,3
M4E1G3,3
V6K1Z5,3
R2X1K2,3
V0P1H0,3
L0K1W0,3
B3K5M5,3
E3B1G1,3
J1X2A7,3
N3T2Z4,3
K1A0T6,3
J0L2R0,3
E8E8E1,3
B3L4T7,3
V6H4B6,3
G4W4S7,3
M5J1A7,3
V0J3A0,3
V7M3G3,3
B2X1R9,3
J0L2B0,3
B4N3V9,3
R2H0G4,3
B3J1A7,3
K2A0A1,3
J3B6S4,3
J1H1Z8,3
J8L2W8,3
H3N1G8,3
H3N1G3,3
J4R1R4,3
J8L1A2,3
J0X2S0,3
M5H1S3,3
E9D5D8,3
S9A3W2,3
V8T3P2,3
B4A2C7,3
B1S3V9,3
P3E3M7,3
K1Y1J5,3
T3E4L3,3
T2B1R1,3
M5V2R9,3
K8P1V9,3
N1S2K6,3
T0J2J0,3
T0J1P0,3
V5M3E8,3
E3E8F0,3
M2J0A1,3
L5G4N1,3
A7S4T4,3
H2Y1N3,3
K0M2K0,3
N0J1N0,3
K1N9A8,3
H9W4H3,3
A1B2C3,3
K1J1A1,3
K1Y1J8,3
K8N1N9,3
L3F1D8,3
M0K8X7,3
X3O7O7,3
K9S8R5,3
L8I1K9,3
E3N3H3,3
K1C1S6,3
B4H2X2,3
B0M1P0,3
E4P8W5,3
B1B1B1,3
L2S3Y7,3
R8N1M6,3
L0A9D3,3
V0H1Z0,3
V1W4A6,3
V5N3W8,3
M5W2K4,3
V6Z0C2,3
M1C2T8,3
K7F0J0,3
V3N1S6,3
M4L1P7,3
E8C2E2,3
H3X1Z7,3
P0A1H0,3
C1A4M8,3
P6A6W3,3
B1B4B7,3
A3B8B6,3
A0C7D3,3
E4C9D7,3
C3C7F9,3
A2B5E3,3
C1D7B8,3
A0F9C6,3
E3A8C4,3
B1C2F0,3
E1B2C2,3
C8D0B3,3
E5C1D3,3
K2B8H6,3
B0K1H0,3
L2G7Z6,3
P3B7M0,3
C3D6E4,3
K2B6N6,3
J4Z3T8,3
N0H2P0,3
G9Y3S1,3
K6K6L3,3
A0P8L8,3
V7A5S9,3
B4E3A9,3
J4H1C5,3
M4E8M9,3
J7H1N7,3
M5N1B5,3
H4T1Z2,3
A6A9A8,3
L4R4K4,3
R3C2E1,3
R3C4A5,3
R3V1A4,3
N2P2G5,3
H1N1C1,3
T2E7H7,3
S4S0B3,3
V6C1H2,3
Y1A2E4,3
Y9T2C8,3
C9J5E0,3
T6M2P7,3
E8E0D8,3
G2E4A0,3
Y1A6T5,3
L0T5D5,3
P1H2P9,3
G0R1Z0,3
E3V1J9,3
B5A2H3,3
T7X5A4,3
E3V3S7,3
L6V2N2,3
T1J0N9,3
K2B6T7,3
T4N1X2,3
M3C3N6,3
B4B4B8,3
V6G2V4,3
B2Y4P7,3
M5G1Y7,3
M4V1A4,3
N0P1M0,3
L0R1Y0,3
V0X1W0,3
R1A3R9,3
P0J1E0,3
S0G5H0,3
K0A1A0,3
R3B0Y3,3
A5A2A5,3
V6C2W2,3
C4D7C8,3
C9A5C2,3
N6B2A2,3
V3R7P8,3
R2M3Z9,3
E1E2E4,3
L5N0A6,3
C1A4P3,3
R0E1W0,3
A3A3A3,3
M5K1J3,3
T5J2N9,3
G5H0B2,3
G4V3B3,3
G4V1T5,3
G4X5G3,3
G0C1G0,3
G0C3B0,3
G7H1T7,3
G0T2A0,3
G0T1Y0,3
G5A1T2,3
G5A2X3,3
G3Z1N9,3
G5A1X9,3
H2Z1S5,3
H2K2J5,3
J3G4S4,3
H1W0A6,3
G1K9C8,3
G1K3Y3,3
G1K4C9,3
G1W1R8,3
G1R4E2,3
G4T5A4,3
G4T1E4,3
G4T7A5,3
G5L1P2,3
G5R3B9,3
G0L1X0,3
G0J2H0,3
G5J2E5,3
G0J1Z0,3
G4V1C2,3
G4V1C8,3
G4V2E4,3
G0C1T0,3
G0C2E0,3
G0E1Y0,3
G4X6A5,3
G0C2N0,3
G0C2J0,3
G4X1T6,3
G0C2X0,3
G4X6L7,3
M5S2H4,3
R3P2P2,3
N6J1Y1,3
E3B5H8,3
M3J2T2,3
L5L5Y3,3
B2H2T2,3
C5C5C5,3
S4S4V6,3
V6E4B1,3
E8E2W8,3
E9F0F6,3
L2H1J9,3
J4Z1A5,2
T2C5B8,2
A5A8F1,2
J0T2C0,2
C0F1E8,2
B8C2D6,2
J3Y3R6,2
N9A4M5,2
B7B4A7,2
C7B9D9,2
H2X2H5,2
M9R2J8,2
C4C4B8,2
V9W2R1,2
H3X2C9,2
K8N4Z2,2
H8Z1X1,2
R7A3E6,2
M4V1M2,2
J1M1J6,2
G2B1B3,2
H2L1J6,2
T4N1X4,2
G9N1E4,2
B1D1F0,2
M3J3L6,2
K1A0N2,2
H3W1M7,2
T4V4N3,2
E3B4Z6,2
B3K3B4,2
H3C1K8,2
R3X0G8,2
A2H2X1,2
A8A2A2,2
A2H5M7,2
A2H7J4,2
A0N2J0,2
V6Y1K3,2
V5Z2N7,2
V9S2B7,2
V5Z1K6,2
V5P3Z6,2
M6P1Y3,2
R7A0K9,2
R7A2B3,2
L9T5G2,2
L9T1R3,2
L9T2L5,2
L9T6J5,2
L9T6H7,2
Y1A6V1,2
P4R0A5,2
X4N4F5,2
A2D5C7,2
T2H2A7,2
R2J0G8,2
R2R1V5,2
R2R1V1,2
R3H0Y9,2
R5G1Z2,2
H2W2M5,2
T9H4K7,2
L4K4C9,2
X5C3U4,2
K3F1Y0,2
E3X5A7,2
S0X8P8,2
C1L4J9,2
J3W4S2,2
A8S6O9,2
K2P2H7,2
M9B6H8,2
B3J3E4,2
M5H3C2,2
H4Z1E9,2
V6C0A3,2
M5H2T6,2
H3A1T1,2
M5J2Z9,2
M5H2Y4,2
M5E1B3,2
V5H3Z7,2
V6C3R8,2
T2P0R8,2
T5J3V5,2
H3B4M7,2
M5K0A1,2
K1P1H4,2
V8W9W1,2
M5S1S4,2
M4S2C6,2
R3C4G4,2
V7Y1C7,2
M5K1J7,2
K1P1K1,2
H3B3M9,2
H3B1X9,2
N2K3S3,2
S4P0R3,2
M5H2S8,2
M5H3W4,2
M3B3K4,2
K1A1K3,2
L6J7W5,2
X1A3S9,2
Y1A1H6,2
V6C2Z7,2
M5X1E2,2
T5J4E5,2
T2P0C1,2
V6B0A4,2
T2P3T5,2
M5J2P9,2
S7N2X8,2
M5H2A4,2
T2G0C6,2
M5C1T4,2
M5X1B1,2
K1P6L5,2
H3B4Y1,2
M5H2T4,2
H4P2P5,2
V6C2B5,2
T2P4V5,2
H3B3P4,2
N2H6M2,2
K1P1C3,2
M5X1G5,2
M5R2J9,2
M5H1Y3,2
B3J3R7,2
E2L4R9,2
G1A4Z4,2
H3B4T9,2
T5J4E4,2
T2P0S7,2
V7X1P4,2
N8X1L9,2
L2S3W2,2
L7P5B1,2
K1P5T8,2
M2N6L7,2
M5J2V1,2
V1N3H7,2
M3B1T1,2
A1A5A1,2
B3J3N4,2
R3C4L5,2
M5H3R4,2
H3A1G3,2
M5H1P9,2
V7X1K8,2
M5J2J7,2
M4T2S5,2
M4W3R8,2
M5C2V9,2
M5J2J2,2
L4B3N3,2
N2L1S7,2
H3A3L4,2
V6Z2T1,2
M5H1H1,2
M3C2E9,2
M4V3A1,2
M8X2X3,2
V6H4A7,2
N1R4S4,2
H4P2M8,2
H3A1E7,2
L6Z2S7,2
L5B1M2,2
L6R2S1,2
L6H6Z4,2
M9V1R8,2
L5B2C9,2
T1J0J8,2
T1J2G5,2
T1J4C4,2
T1J0P6,2
Y1A5L8,2
S0H3W0,2
S0N2H0,2
S0N1X0,2
S9A2Y7,2
S9X1Y8,2
S0N1G0,2
S0H2B0,2
S0N1E0,2
S0H1X0,2
S0N0W0,2
S0M0N0,2
S0H0X0,2
S0N0N0,2
S0N0J0,2
S0M0J0,2
N3H5L8,2
V2A6J9,2
A3F7C5,2
V4C3S6,2
T1W3A1,2
M5G2E3,2
R3B3P4,2
H3B2K8,2
M4W1G9,2
H2Z1G6,2
M5V1J9,2
M5C2T6,2
T2P0R3,2
M5J2R8,2
M4T2S3,2
M5C1E5,2
S4P4B3,2
K1B4X3,2
M4T1L8,2
V6B2S8,2
M5H2M5,2
V6H4C1,2
M5L1E2,2
M5H1J8,2
K1B4S5,2
M5L1A2,2
M0J8L9,2
S7K5T6,2
J4H4A6,2
H3B2B6,2
V5C6A7,2
R3M0B6,2
M5V1K4,2
K1S5R5,2
R3T6C6,2
P1P1P3,2
T1W2B3,2
E6A5A4,2
C0B5F5,2
T7A1S1,2
T9V2G3,2
T1R1B9,2
L0K2E0,2
P1B8Z4,2
E9A9E5,2
S7B2D6,2
C3E1E5,2
E2C1E9,2
A1B4K4,2
E1C0A7,2
H3C4K9,2
K8N5C1,2
R3C2V4,2
V6B3T4,2
T7E1V8,2
B4B1A9,2
H3Z1V9,2
T4G1P8,2
H3C2W3,2
H4W2J2,2
T6W0S9,2
N6H4N2,2
L9K1J3,2
C5H5N9,2
N4S8V3,2
C7D6E9,2
T7A1R3,2
T4R1L2,2
H2W2M7,2
L5N5R4,2
C4D8B5,2
V3W2W8,2
V1T7A8,2
V1G1H7,2
V9P1L5,2
V9W7K4,2
V3B2Y6,2
V1E2B3,2
V4C2V5,2
V8N5P3,2
V8Z4K8,2
V2S2L5,2
V8Y3B9,2
V3S2C3,2
K1A0G5,2
E0E3C6,2
T2H0J6,2
A8E5C2,2
P4N2M5,2
J0L1T0,2
H7K3H6,2
L0A1G0,2
K7K7K7,2
T7S1N3,2
P1L1V4,2
K1N6N1,2
N8W5K5,2
T0A3A2,2
H1V1R2,2
G5M1R1,2
G0X2X0,2
G0W2L0,2
J1A1R2,2
J3T1M4,2
G5V2P4,2
J0P1X0,2
T0H2R0,2
H3J1K1,2
C3E1B4,2
E1A5D4,2
R3E3E7,2
H1W3J4,2
E4L1G8,2
E4L1E1,2
T2V1K8,2
P6A1Y6,2
K9J7B8,2
K1A0C9,2
H3K3E7,2
B3E8C0,2
C8D1A9,2
T9N2H7,2
T2L2A6,2
K1A1A8,2
V0R1X0,2
V6T1Z1,2
E4L1B4,2
V2N4Z9,2
B8B3B3,2
H3K2N9,2
L0N1S6,2
C1G5K4,2
E3F0E0,2
M1R1P7,2
T5T6K4,2
B8F5B1,2
H4C2N5,2
E8F8F7,2
E9G8F8,2
H9H8G8,2
H8F8F7,2
G8F9G7,2
H8F9H8,2
G9H7F9,2
H9G8F9,2
G9H8F9,2
H9H9G8,2
G8F9H8,2
H9G8F8,2
G8G9H8,2
B0B3B1,2
A1B1Y1,2
N6A3K7,2
B8C1A4,2
C4B9D3,2
E4B8E1,2
C1E5A9,2
A3E1F3,2
C2E2F1,2
C1E8A3,2
E5F0F0,2
C2B8F8,2
C0D1C4,2
B9D4E7,2
B9F0F9,2
A4D3A7,2
C9E9F4,2
E5E0C9,2
C5C6F8,2
A3B5A0,2
C6D6F3,2
C6F8E8,2
E3B0D8,2
A9B4B6,2
B0D9B8,2
C0D0E4,2
B6E7E3,2
E3C5D8,2
E5A2C3,2
B4D0D9,2
C9A8C8,2
C4E6E3,2
C6F6A1,2
A0A7C8,2
C4D7C6,2
A9E3F9,2
B9F9F8,2
E4D1E8,2
A7F8C2,2
E7A8F1,2
C8E7E8,2
E9E3E6,2
A1E8C2,2
B9B7E6,2
A3E4F7,2
E5E7E9,2
B8E0C9,2
C0B7E2,2
E2F1F3,2
B0C5A3,2
E0E7B0,2
A4C3A2,2
A1C8F5,2
A4F1C8,2
A2D4E0,2
H3J2J7,2
H3J1G8,2
H4C2T7,2
H4C2B5,2
H4C2M2,2
J4G1Y5,2
G1K7Y7,2
E1C9B6,2
B2Y4T3,2
A1C5X1,2
T4J1R4,2
J4M2A4,2
L1W3N9,2
T1J0S9,2
K3S9J2,2
C7C1C5,2
J8P7R8,2
K1J9L3,2
K1N9A5,2
E1B4C1,2
K6J1G2,2
E3B5G4,2
R7C1B4,2
H3K1C8,2
M2N6L9,2
E7E1A0,2
T2P1H2,2
K0E1X0,2
B9A0A7,2
A5E4A0,2
M5V1Y1,2
K1N7E7,2
L6P0A1,2
P7C2V3,2
L5N6J3,2
H4E1J6,2
T6L6W6,2
R3P1J6,2
K1A0G3,2
S4P0S1,2
H3K1C7,2
H3G1M8,2
T2M4S2,2
R3G0R4,2
T4R1N9,2
J3L1G7,2
H3J1A8,2
H3J1A5,2
H3J1C8,2
R3H3X3,2
N2N6N7,2
X6Q6Y6,2
N2N1N3,2
G2W2O2,2
C2S2K2,2
S8L8R8,2
L4L6L5,2
C8S8K8,2
P6A6Y6,2
A8Q8M8,2
T8J8Z8,2
J6N6M6,2
E2Y2W1,2
K1G4J5,2
H7V1R2,2
H2L4G9,2
H3T1P1,2
J4K5C3,2
J4K5G4,2
J1K2R1,2
P0R1L0,2
T2H0L9,2
H3J1T3,2
H4C1E1,2
R3C3X1,2
H1C1C1,2
N2A1C4,2
R3E2X7,2
T2S8M6,2
A0F5A7,2
H2T2H2,2
T1W2W4,2
H2T2B1,2
J3X1E3,2
K2H8P9,2
H4S1S1,2
T0M0N0,2
T5H3P2,2
T5E4K3,2
H9X1M9,2
E0F5E6,2
H2W2B7,2
H9R5A6,2
E1C3P3,2
L5R1Y4,2
N1T1Z2,2
E2E1E1,2
V8P5J2,2
T5J0N7,2
A1B4J9,2
T5J2T2,2
L3K6L8,2
X9B8T7,2
H1N3V2,2
R2K1M4,2
B4N3H1,2
B3L3T6,2
B3L3S6,2
T9M1S6,2
A9D1F3,2
R3H0P4,2
V8W1N5,2
V1Y6S5,2
V2L3J6,2
V5T1Z3,2
S7K0E2,2
R7A6E2,2
R2G1L1,2
L5T2S5,2
H3C2P8,2
C7E8D7,2
C0B1A7,2
H2N1V3,2
H3L1Z3,2
B4H4A1,2
B0K1L0,2
B3J1P3,2
T0B1N0,2
B7F8C1,2
H2M1K4,2
H1A1T1,2
H4B1W3,2
H2G2Y7,2
B0B1B4,2
N1H3V4,2
T5M0T2,2
G1R2B5,2
T5I5J9,2
J3L3V8,2
T5A5A1,2
H1E7S2,2
E1E2C8,2
B4D4C7,2
T0M0S0,2
T1A2Y4,2
T2P4Y2,2
B4V7P2,2
B4A7F8,2
R7A7A4,2
T1J2K1,2
K1M2A6,2
M5H3B9,2
K1G3J8,2
R8N0J9,2
B0C1H0,2
X3K3K2,2
V0N1V6,2
C9B3C3,2
J3G4H9,2
T4N3M4,2
T6B0A7,2
N3R7J7,2
S3C9A2,2
T0L2C0,2
R7A7L2,2
H2R3C3,2
R2H0R8,2
R7A7L4,2
J0J1L0,2
P0E1E0,2
M4W3L4,2
V6B1B8,2
V6V1V2,2
B0P1T0,2
S4S6K6,2
T6B2L5,2
K1H7Z5,2
E8B2D5,2
T7Z1R8,2
T8N1M9,2
T5W2A9,2
M6A1L9,2
M5K3C5,2
H2K3J6,2
L0G1T0,2
N0H1S0,2
B1L1A5,2
B0W1L0,2
H2V1V9,2
L6R2K7,2
L6W4K6,2
E8K1A1,2
H2K3G4,2
H2K3N7,2
H2K3K1,2
P0L1M0,2
V6E2Y3,2
N1H7L6,2
N2G1A1,2
N1R6J6,2
L7R2E3,2
L4N5R7,2
M6K3C5,2
L6H0C3,2
L4W0A5,2
M1H3E3,2
H2L3B5,2
J0H1X0,2
K0H2K0,2
R3K0Z8,2
B3J2L2,2
H2K4E9,2
E1C1W1,2
J3E2G2,2
R1N2H2,2
R1N0M1,2
B2V1E6,2
B4V2W9,2
R8A1N1,2
R8N1Y7,2
H2P2K6,2
B0P1R0,2
J2C2B3,2
R3B2G9,2
P8N1A7,2
R8N0C6,2
J5B0A1,2
H1J3A4,2
H3T1Y8,2
H3B1A6,2
H7S0A1,2
G1N4A8,2
G1N4L6,2
H2K3G5,2
J3G1H1,2
B3J3S9,2
T5N2R1,2
M5C3G5,2
N1G0B4,2
T5J3T2,2
T2P4K7,2
C2B0D2,2
J3E2V6,2
G7H1T5,2
J8T6K2,2
E8E2E2,2
G1E3L7,2
J0H2G0,2
R8N0N4,2
M8X2Y8,2
H3S1T5,2
N8H3B4,2
N8H3A5,2
N8H3C4,2
L4G3H2,2
L4G3G8,2
N9B3Y6,2
N1H6N6,2
N2C2R5,2
N2G4G2,2
N1E6K2,2
K9V4S4,2
M2N5N8,2
M2N6E8,2
P7E4K5,2
N6A5L1,2
P0T2W0,2
P0T2E0,2
P3C5E7,2
N8A4C4,2
L4M5K3,2
K8A4G4,2
K8A5P1,2
P9A1N4,2
P3E3G5,2
K9J7M3,2
L5R1C6,2
P9A3L2,2
P4N6M9,2
L3C7C1,2
P1B8H1,2
N6A4X5,2
K7L4X4,2
N7T7L2,2
P7E5T2,2
P9N2K4,2
P9N3Z7,2
K9J7A1,2
P6B6G7,2
N0K1E0,2
L8P1H6,2
L8N3R9,2
L7R3Z2,2
L7R2Y2,2
N9A6K1,2
N3T5V3,2
L1R2K6,2
L1J7C4,2
L5R1C5,2
P4N7H7,2
L2R7P4,2
N4N3A1,2
N3T5M8,2
N0G1L0,2
K7R4B2,2
P6A2K7,2
R3T1T5,2
E6E3E0,2
E4L3N5,2
E4L1B1,2
B3B1T3,2
J3L5K5,2
J8Y3Y7,2
N8W4P6,2
N9G1C7,2
N9A6G9,2
N0L2P0,2
N0B2T0,2
N2L1B8,2
M9V2X7,2
M4P2L1,2
M1H1A1,2
M6H2P5,2
P4N6N5,2
N4G1G6,2
P7C3R6,2
P7B5E5,2
P7A2H1,2
P7B1L1,2
P7E5X7,2
P7B1M9,2
N0B2R0,2
N7G4L7,2
N5A1H2,2
N5A5Z8,2
L0S1S0,2
N5R5C5,2
L2N4X4,2
L2N1S1,2
L2R1W1,2
L0R2A0,2
N3Y3V4,2
N7T7G3,2
N7T7H4,2
P0V2M0,2
L3K4M4,2
N0B2H0,2
K8A5Y8,2
K8A6W7,2
K0J2E0,2
K1M2B9,2
L1J4V4,2
L9W1L4,2
M2M3R7,2
P0T2J0,2
L2G3H1,2
N3A1J4,2
N0G2L1,2
N0K1N0,2
L5G2E5,2
L4W1M4,2
N5W2W1,2
N5X1L1,2
N6E1A1,2
N2A1N6,2
N2H1Z5,2
N2H4H9,2
N2M4Z2,2
N2M1Y3,2
N2H3M1,2
P2N3C4,2
K7K7M1,2
N2Z2X5,2
P9N2A4,2
K2K1S5,2
P0T1W0,2
P0T1T0,2
N0R1G0,2
N4N2P1,2
L8K2N5,2
N1E6Z4,2
L3M1T3,2
N0G1Y0,2
K0J1X0,2
N7A3Z6,2
L7G4K6,2
P9A2C4,2
N0A1G0,2
N3B2K3,2
N1A2X1,2
N0H1K0,2
N0M1N0,2
K9A3A2,2
N7L4K3,2
L7P1X7,2
L6T2E2,2
L6X4W7,2
L3Z1M7,2
L1C3R2,2
L0R1B7,2
L4M2G9,2
L4G5H2,2
P0T1C0,2
N9V2Y9,2
H4R1P8,2
R7A7B9,2
J3L3H3,2
M5J1S9,2
B0M1G0,2
E1V2S6,2
L1J6B7,2
R3H1H6,2
H2K2W3,2
B4D6F6,2
H2L3L5,2
T9A0A7,2
T9A1X2,2
T0H3S0,2
T0L2B0,2
T9X1R2,2
T9C1L3,2
T0M2C0,2
T0M2B0,2
T0E2H0,2
T1G1G8,2
T4S1C8,2
T7Z1C1,2
T8N3X9,2
T7X3A2,2
T0H3C0,2
T8S1A4,2
T0K1M0,2
T1B4A7,2
T0B2Y0,2
T0M1M0,2
T0K1J0,2
T9E5L2,2
T4L1J7,2
T8V1N3,2
T8L4B6,2
T9H1P3,2
T0E0T0,2
T6E1E6,2
T5K1P7,2
T6H1J5,2
T6L3Z8,2
T5X5B7,2
T0J0Z0,2
T0J0Y3,2
T7A1C6,2
T0M0W0,2
T9G1H8,2
T0K0K0,2
T1W1M5,2
T4V0T3,2
T0L0X0,2
T2E4B7,2
T1X1E1,2
T3E6V6,2
T2J6S7,2
T0B0S0,2
T0B0R0,2
T7Z1X4,2
G7G4X2,2
J0T2N0,2
S0G5K0,2
S3N0S8,2
S0G5G0,2
S0K4W0,2
S0M3A0,2
S0K4S0,2
S0A4E0,2
S9H3K3,2
S0M2T0,2
S0A3V0,2
S7H1V9,2
S7L0R9,2
S7N3K4,2
S7J2G8,2
S4R0T5,2
S4S3Y5,2
S6V4S2,2
S0C2B0,2
S0C1Y0,2
S0A2T0,2
S0G3N0,2
S6H4R3,2
S0E1B0,2
S0C1S0,2
S0M1Y0,2
S0E1A0,2
S0N1N0,2
S0L2A0,2
S0G3B0,2
S0A2A0,2
S0J1L0,2
S0A1S0,2
S0G2K0,2
S0K2A0,2
S0E0Y0,2
S0G2B0,2
S0C0Y0,2
S0G1S0,2
S4A1J6,2
S0G0Y0,2
S0H0Z0,2
S0A0M0,2
S0J0M0,2
S0A0L0,2
S0G0K0,2
S0M0E0,2
M4W3R1,2
H3B5H4,2
N2J4P9,2
M5H3Y4,2
V7X1T2,2
K1P1J9,2
H3B5C9,2
G1V0B9,2
H3G2B2,2
T6E5P3,2
T2P2Y5,2
R3M0G1,2
M5H3P5,2
G7X6K8,2
S2A4A3,2
H2L3C1,2
L6H2L1,2
R0E0N0,2
R2Y1C7,2
R2G2B7,2
R2C2B4,2
R2L1G7,2
R9A1K7,2
R1N2S6,2
R6M1E2,2
R0J0X0,2
R7B3P3,2
C0E9C8,2
L3R4J8,2
J3L6H3,2
E1G0E3,2
B2G2L2,2
M5S1N5,2
K1S5S9,2
R1A2B1,2
B9A1L2,2
R7B3Y2,2
J0C1K0,2
J3X1Z2,2
B1S1A1,2
V6E4E6,2
J2C7T8,2
T3G0B4,2
G4W4R9,2
G4W4S8,2
K1N5N6,2
T6B0A5,2
R2W3B3,2
G7S5T1,2
B9A3H4,2
B9A2S3,2
V6E4H1,2
L4L4G9,2
M5J2N9,2
V4T1P7,2
V9B2N8,2
V8R2M4,2
V1B3K6,2
V1R1N4,2
V3R3X2,2
V8L1R9,2
V1E3N4,2
V6Y1N8,2
V0E2S1,2
V2J1W5,2
V9Y3R1,2
V3L3C6,2
V1L4M4,2
V9R3X1,2
V0G1K0,2
V1M2Y6,2
V8C1E5,2
V1A2G5,2
V2C4K1,2
V0A1H0,2
V0B1M0,2
V0B1H0,2
V9L2X7,2
V4K4C7,2
V1G4K8,2
V0B1G0,2
V1C1V6,2
V9N3A5,2
V1N2B7,2
V9W2S4,2
V4W3H8,2
V2S7A1,2
V0K2E3,2
H3B5E7,2
V8T5K6,2
A0C0E7,2
A4F5F6,2
M5J2J1,2
H3B4N4,2
M2L2S3,2
V1B4B8,2
J2S7J5,2
L5T2K9,2
R3G0A1,2
E2L4M5,2
J9T1H2,2
V8Z7X8,2
R0B1R0,2
R0C1X0,2
R0B2C0,2
R0B0V0,2
R0B2H0,2
R0B1J0,2
R0B0S0,2
R0B1N0,2
R0B0M0,2
R0B1K0,2
R0B1G0,2
R0B0Z0,2
R0B1E0,2
R0B0B0,2
R0B1C0,2
R0B0A0,2
E6E2D5,2
E1V1L4,2
E1V3C4,2
J7A1L3,2
T2P3T6,2
M5J2T9,2
T5M3C5,2
M5K1A1,2
J3N1C6,2
M5L1A9,2
H3W3H4,2
K1S3V4,2
V5F2L7,2
N5C5U7,2
E3Y1A2,2
B2Y1K8,2
K2W3V5,2
J3H3R3,2
R3D6W6,2
E2K1J5,2
B3S1C4,2
B9A1M8,2
B2N5E3,2
N3H3N4,2
H2Y1S5,2
E1E5E8,2
V4B1C4,2
V5G2G3,2
R7A6A9,2
S4S0A2,2
S7N1M3,2
B3H3C3,2
R3B2E4,2
C0D6E5,2
E4S3K2,2
C0A0B0,2
L6C1N9,2
E3N2K3,2
M9X1Z1,2
R2C0A1,2
J3N1L6,2
H3W7T9,2
P1B9T5,2
P3N1H9,2
M6L2K5,2
N8M1Y5,2
P3C5L7,2
P4N3W2,2
P7A8C7,2
K0B1K0,2
M2M1C8,2
K1G6C3,2
M4G3C1,2
E1C1H7,2
M4J1Y3,2
L5A2G4,2
V3T5H5,2
A8D4B9,2
B5A2P5,2
M4G3E8,2
T2C2G7,2
J4B1W2,2
N2M1Y4,2
B0S1P0,2
E1B3T7,2
R2W3S4,2
R6M1J9,2
R2J0H3,2
K0C2K0,2
K1Z7K4,2
E3Z2J7,2
A4E4F7,2
A6F9A6,2
E9A1D3,2
A8A8A3,2
M7O4L1,2
B4A1E8,2
X4B5G8,2
K1N5N4,2
G0Y4U9,2
E7B0F4,2
V1Y9N9,2
E4L1G6,2
B4H1Y1,2
V6Z2Y6,2
K1N9B2,2
M3N2R1,2
A0K4S0,2
A0M1C0,2
A0E2M0,2
E2A3A6,2
G1V0A6,2
J8X2E2,2
G1L3R3,2
G2J1R8,2
G2K1N4,2
K1L5A0,2
K1K3B0,2
K1G1C0,2
K2H8Z0,2
K1S5B0,2
K1S1L0,2
K1P5K0,2
K1P5A0,2
K2G4V0,2
K2K1G7,2
J8X3X0,2
K6J1G0,2
K7C2V0,2
K1V1J0,2
K6V4Y0,2
K2H9R0,2
E2M3V1,2
N3Y2M9,2
V7J2C4,2
E1C5X1,2
V5C3E2,2
B8C5D2,2
E2V1X8,2
E3N2E5,2
E4P9G3,2
J0Y2M0,2
G8B1R2,2
J0R1T0,2
L5L2X5,2
R7B4A2,2
R3W1B7,2
R2P2K8,2
S9S2B2,2
S7M2R3,2
S7N4V9,2
T1J2H6,2
T4R2C6,2
T0E1V0,2
M9W5B2,2
C0E0B1,2
E8F5F7,2
E3E3D9,2
C6C8B4,2
E1E3D2,2
E7E7E0,2
B7A3C4,2
H2S2C3,2
R3H1A5,2
K1N1K5,2
C6A3B6,2
R1B4B3,2
L4Z2B9,2
B4N4Z4,2
M5S3G9,2
K1W1C6,2
E1E3A5,2
B2N3H7,2
B2N2S7,2
B2N1C9,2
G4Z2W4,2
V5G1M1,2
P3U6A1,2
K1N8Z4,2
K1N9A7,2
J8X4H2,2
E3U5G3,2
T2A4L6,2
G4V2B6,2
T6N1A5,2
S3K1S3,2
B0E1A0,2
B4B4B4,2
B2A3M4,2
R3R1T9,2
J9H7T3,2
V9B1H8,2
V8W2G7,2
V8X1W3,2
V8T4Z8,2
V8W1P6,2
V0R2H0,2
M3A1C3,2
M6H4E3,2
T2G1V8,2
E2O1M9,2
R3B2H8,2
R4K1C1,2
R3N0E7,2
E2N0A2,2
S7K5X2,2
S4P3A3,2
S6V6G1,2
S6H4R4,2
S7K3R5,2
E0A5D5,2
E7B1Y4,2
A1W3A6,2
G2E5W3,2
P7E5R8,2
V8V1X4,2
T5K2B6,2
V5E2V1,2
V5H4N5,2
V5G2J2,2
V5G1M2,2
E2J1A3,2
E1C1G5,2
E2L1E8,2
K1A0S9,2
K1A1H3,2
E5B1Y3,2
C1N1S5,2
Y3M9X1,2
B5A4K5,2
E3Z3E8,2
K1P5Z9,2
M5G2K4,2
L5N8C9,2
R3L2E9,2
R3E1G7,2
R3H0V9,2
R2M4A8,2
R2W3T3,2
K1R7M5,2
K1A0R2,2
V8L3S3,2
J0B6Y9,2
A0D8C7,2
J2S8E3,2
G7X8T7,2
J7P5L3,2
G8T8Y2,2
G2E5S2,2
J6E6A5,2
J1N2A6,2
J3T1Z9,2
G5Y5L1,2
G5L7P5,2
J9X4K5,2
H1V3T8,2
E2J2S5,2
R3C0N9,2
E8F4F8,2
C0A1R0,2
H2Y3C3,2
V0P1K0,2
E8F1F7,2
L4F2O4,2
E5C3E2,2
K7H2K1,2
L5M2C1,2
L4B1H1,2
H3E1J4,2
M2J5C2,2
B1P5B2,2
B1P1J7,2
B1P6X9,2
A1N2A7,2
E6B1B6,2
E2R1A6,2
E3B5P4,2
E3B1A6,2
G1V4S1,2
S7K7Y1,2
S7K0B4,2
S7K0Z1,2
S0K3K0,2
S7N0K4,2
J2L3M8,2
K0G1X0,2
C0C6E0,2
T4R1M9,2
T4N6X2,2
T4N1T9,2
T4N6S3,2
T4N3T3,2
X1A3R9,2
X1A3R8,2
C2F3A8,2
B5A5D9,2
L6M4G2,2
B3R2J7,2
B3J1V7,2
J0R1R6,2
T2R1J5,2
T3C0E8,2
T2G0W2,2
K1A0L4,2
E1V1P9,2
E1V3J1,2
E1C5Y6,2
G1H3G3,2
V6H4A9,2
V0G2G0,2
V2A5J9,2
V1P1K3,2
V7C5J8,2
V7M1H9,2
V2A1E6,2
M5V2H1,2
H2X1K5,2
V2C5K3,2
V6T1Z2,2
E8C1G5,2
J3N1L1,2
K7P2Y5,2
H7P1T3,2
X0A0H0,2
B1P1A7,2
C1N1B4,2
G6E1M1,2
G3G2J1,2
N1E5G6,2
Y1A1A6,2
Y1A1C2,2
V2S6A4,2
M8V3Z4,2
C1A3W8,2
B3J1R9,2
B2W6C6,2
G8L1H7,2
C1A1J1,2
C1A4L4,2
S6V1G2,2
S0J1H0,2
S6V6J7,2
Y1A2M9,2
Y1A3E5,2
T1V2A7,2
T1A0H5,2
T1A0A8,2
T1A8E6,2
E1C2M1,2
E1C4M2,2
E1A1G9,2
E0A2K0,2
E1C1E8,2
K1A1B1,2
T5Y9A4,2
A0K5O7,2
M4Y2C9,2
K1Z8R9,2
E2B6F4,2
A5A6A6,2
T1H3Z1,2
T7Z1Y4,2
P6C2P9,2
L1C0H2,2
L1G4S8,2
V7K2Z6,2
G1R1R7,2
G9T2H5,2
N7W1A4,2
N7T5P5,2
J0O1I9,2
R3T2G2,2
B1P6L2,2
H4N2L4,2
E4E6F1,2
G5A1X7,2
E6F4F8,2
M5R2J3,2
S6H2B7,2
S4T2E5,2
S6H6E8,2
S6H3E3,2
J4B7A2,2
V5H4G2,2
G3Z2W2,2
T8L2N4,2
A1B1R6,2
A2A1H6,2
A2A2S8,2
T8N6Z1,2
T8N2E9,2
T5J3L7,2
T5J3G2,2
T5J0R2,2
G1V4M7,2
G1K5Y8,2
G6Z2L5,2
G1R2L3,2
J5R1S8,2
G0L1E0,2
S4P2G3,2
S4R3C1,2
S4P0N3,2
S0G3C0,2
T8V0T8,2
T6A1H7,2
V3W5A2,2
V3J2W8,2
V3T5E6,2
V4N0W1,2
V4B1R1,2
V3S3Y1,2
R3T3K5,2
S9H0L4,2
S0H0C0,2
S9H1M5,2
T4N1X3,2
J8Y4B7,2
K1R5A8,2
K2S2C5,2
B4C3P3,2
B4A4J4,2
B4A3X6,2
B3H3S1,2
B3J2C8,2
T5J1L3,2
R2X3A3,2
L4G2Z9,2
T2P2V7,2
J2G2X9,2
R9A1R5,2
R1N3J9,2
R8A1M9,2
R7N3E5,2
R3E0S2,2
L3R0Y4,2
M5S2C3,2
E2M3Y2,2
H2K4J5,2
M9B6E2,2
T2R1K9,2
R7B3X3,2
A9B6F3,2
L3P1W5,2
T7C3O2,1
A7U1R1,1
X0T5F8,1
J6J9E0,1
G0Z4F4,1
T7I4D3,1
M5U0P1,1
T8C7C6,1
R3J4E3,1
S1X2F6,1
N6V5X4,1
K0B5X7,1
J4Q8D8,1
H6T7U7,1
G3J5U7,1
C2E8A0,1
J5F6D5,1
T2H8C2,1
S9A4N8,1
T4E5J1,1
G0T2A2,1
A8L6F5,1
A6J5G0,1
T7F5T5,1
L4U5D8,1
S4M6M7,1
P0B9F0,1
C2Q7M6,1
E2O9G8,1
V4N0J7,1
M9S8K1,1
K7Y4Q4,1
N0L1O7,1
Y0N4U3,1
M4N2K4,1
K2P0A6,1
S3F8K5,1
J7E5R4,1
M6F5S7,1
C9B3J6,1
B1Z5O8,1
E2H3I5,1
P2Q6U7,1
X9H7O7,1
J7V7M9,1
L4F1R3,1
S4F9Q6,1
P9A9T1,1
R1Q6I3,1
B9F2P9,1
B9L0T1,1
T4V4G3,1
A3S8I3,1
S9Z6C7,1
N4I6O5,1
T0R7W0,1
A5J2A3,1
J4Y2K3,1
J3Y8Z4,1
H2M4T5,1
S0E0G0,1
S1E5Y1,1
G8G0U7,1
V2Y8V3,1
P1H4Q7,1
R7P6X7,1
T6H8K9,1
H3I6N7,1
N2B5H4,1
Y5H9N5,1
G0I9X0,1
Y1U6Q8,1
E1Q9Z1,1
E1M3Y4,1
B9B0G6,1
C3C2V3,1
P6Z1U7,1
S8E9M3,1
Y5S7U9,1
E1C2L9,1
T6G4O5,1
Y8Y7Y6,1
N2F6R9,1
B6R5E2,1
J5U3C6,1
B0D7M8,1
P9I5I1,1
L3M1B1,1
Y7X9N4,1
N0E1M0,1
X6M6L8,1
R0S2V3,1
M4N3N6,1
A1F9Q6,1
T9D7D5,1
C9Y6O6,1
R6T9L1,1
J9O8Q7,1
R5D0H2,1
M4C6U7,1
B7Y2I6,1
N7Y6X6,1
C5L2L2,1
S4U2B1,1
C9F6C6,1
M3W4F0,1
L0P6A7,1
T2Y0P2,1
K4V1G1,1
C5E1P0,1
X1A2P6,1
M7A1R3,1
C8E4E3,1
T2V3N3,1
J6A8I3,1
C7Y6G7,1
B8X4Z1,1
V4S4C4,1
S6I1C5,1
J6A1R6,1
B4R6W7,1
P6J4B0,1
N4R6H5,1
H5I5A0,1
S7E8E6,1
A4H3E6,1
B3B3A2,1
H6I1N8,1
A8V1I7,1
J5B3D2,1
V2S1M1,1
H8H8H1,1
G9S6H3,1
M0O0V2,1
Y6G9N4,1
X0J3I0,1
L8D9C6,1
H4D4F5,1
G4Y8H5,1
N8J5Y3,1
L2L0I2,1
L7E2X5,1
M4M3L1,1
M7Z4Y1,1
X0A7J2,1
N9A4N2,1
C0D2W5,1
L9L8Z6,1
T5Y8A4,1
M0E2F2,1
B0Q4W5,1
S8F8C3,1
M8P4X2,1
J4G2M6,1
H1F4N1,1
V7Y1G5,1
M5T2S6,1
B3J2A4,1
E4T0R9,1
C1O1R3,1
L5L1W5,1
C2B7A6,1
B3D7C1,1
E6D2C3,1
P5W7G8,1
H2L2H2,1
C4E1C7,1
C9D8B3,1
H3X2T8,1
C3J1S2,1
L9Q5J8,1
Y9O0H0,1
L8E6S3,1
C7D4C5,1
X9M7K6,1
N2O2N3,1
T8R6Q5,1
M9N3V3,1
M5S3H1,1
K0A7V3,1
J1C0O2,1
K3E3E7,1
G4W4R6,1
A6A4I9,1
J8C5Z6,1
A3I0J6,1
S4B3D9,1
E1A2B9,1
C1A7J9,1
E8B9A6,1
E0B2B1,1
C6F5B6,1
B1S3B3,1
H3A2W5,1
T2G5P9,1
V6X3P7,1
P4N1M8,1
L3R0B8,1
M2N7K5,1
M3P0D4,1
A4D5F7,1
L4K2V1,1
B4C1C8,1
P1B9P3,1
E9E6D9,1
E5D6A2,1
A8A7C2,1
C1A4B1,1
T5T6J6,1
B2S2L2,1
B4C4C5,1
N7T5W6,1
E8C7A4,1
L5T1Y2,1
E3B3B9,1
E1G1B4,1
X0E1G2,1
B1S1E2,1
B5A4B2,1
N5B1T4,1
V6G1Z7,1
V1N0Z1,1
P5I7N5,1
L3Y2R2,1
L3Y8Y1,1
C9D7F1,1
P7Y0H8,1
R3C1H9,1
A4B8E0,1
N6E1K3,1
G6Y9W9,1
V8U9A0,1
L2E6W7,1
K7A3Z4,1
L6Y5H7,1
S6H2K8,1
N2A2N2,1
E3F0F8,1
M3J3K1,1
E1C1V9,1
Y1A4S5,1
B1L1B8,1
T3E7M8,1
H9T1A1,1
E6C2A6,1
V7J4Z8,1
V8U1F5,1
M8F6J7,1
X8U7P5,1
Y0L2O7,1
T8Z7X3,1
P2N5C5,1
L8M6V7,1
X6X5C4,1
E8G4E9,1
T3K3V4,1
M5O8G3,1
M0M0B3,1
C7G8V8,1
G7E4F0,1
G7K6E6,1
T1M6F4,1
E2M9G9,1
L2Y8Y7,1
T5Y8I6,1
K4F5L5,1
Y3J8T3,1
J6R2N8,1
G8A8Z7,1
M5S1V8,1
M5G1R1,1
M5S1K9,1
X8W9D5,1
H4X1N1,1
J2K1J2,1
L1C3U1,1
E2Z0V1,1
H4R6E5,1
S5F9A8,1
L4M6C1,1
J6J5T9,1
J6K1C1,1
L7B7I7,1
B4V4Y8,1
L0M2L9,1
N7W0S0,1
C0G7Y9,1
R9R4H8,1
K5H0V3,1
X0S2K4,1
V1H3R0,1
J9J7X8,1
N1S4T2,1
G1V4Z6,1
T4W3M9,1
S3E5D6,1
H9R5F7,1
E8W8S2,1
X1O1P7,1
G8E3E1,1
H3G1A4,1
A8D8R0,1
T9L3R5,1
B0B8E4,1
X2J2X1,1
B9B7O4,1
J7H7C0,1
G1V1T5,1
V2S7V1,1
Y6V4X5,1
P6C5A7,1
V1Y6L2,1
B4B8A6,1
L3Y6Z2,1
X2V2Y9,1
P4A3A0,1
L8L6Y0,1
A4N2H1,1
C2W7M9,1
N0X6A0,1
H4U7W3,1
H8B5V4,1
M5W1G7,1
M5J2J5,1
A4H4S1,1
L8G3U5,1
B7Z1Y7,1
H4E1C3,1
X6V7Y1,1
C9J3B1,1
X4K1Q0,1
J8H6C0,1
C5E7E8,1
G1O8S7,1
P4N7E2,1
M8L9O2,1
E3B7Q8,1
L8P3U3,1
S3N9Z4,1
V6R6D7,1
R2Y2F7,1
K9H1Z9,1
G1K3A6,1
V6T1Z4,1
C4P6B2,1
V5Z0E2,1
B8N5W8,1
G5J2G2,1
E2A4T3,1
X6Z7O5,1
E0A7U8,1
E9B2A5,1
P4N1B5,1
R4Q1O7,1
X6I6I6,1
A0T6B7,1
V2X5H4,1
E1B9E9,1
C0D8A3,1
T7L6H6,1
P4A9Y4,1
G9G2P0,1
M6I2I0,1
G1K2X1,1
G8O1Y7,1
C1Y8R9,1
X1B3H1,1
J1D0N3,1
N3Q6Q8,1
A0N4C9,1
P1B8Y5,1
Y4F3T5,1
X1I0W9,1
X8R9A8,1
P1R7Q2,1
N5R6S5,1
K3W3I6,1
V4L4C5,1
X6Z5X9,1
Y3I6Q7,1
A9B6V5,1
R2U5K3,1
S9D7D4,1
G1N9Z3,1
V5M8O6,1
R9S3Q4,1
R5T9W6,1
P4O1C8,1
V6O1I0,1
L8E3A4,1
E9L3Z3,1
S0B0T0,1
H8R4N8,1
R9H9F5,1
T2L5Q7,1
T4N4E4,1
E8A0C8,1
B3B2D0,1
V1M1T3,1
X1W4R1,1
C4B7E3,1
V7J7B5,1
M5M7J1,1
P7E3V9,1
T5T4M2,1
S3J8M5,1
B0A9E2,1
L7T2L2,1
A2A3A4,1
A1A2A4,1
M3B1Y8,1
K1N8E6,1
K1N6M7,1
H3B4X1,1
K1P5H9,1
K7H3C7,1
S9T8Q7,1
T0F3U2,1
J8P8V0,1
S1B4D0,1
T8Y3H5,1
B3Q4M6,1
T4V3Z8,1
T4N5E6,1
M5W3L1,1
A3Q3T5,1
B3J2T3,1
E0A1M0,1
E1C8P2,1
E3A5G9,1
E4L4R4,1
E1A3E9,1
B3H1W4,1
E2K1E5,1
E3B5H1,1
K1A0N1,1
N2G2L3,1
R6L5F3,1
N5R2V9,1
C1I0P2,1
B3S7V9,1
A5D9B7,1
P2X3A4,1
T4V2Y8,1
T4P1A2,1
J9W2T7,1
A5Y4F1,1
T4N4E3,1
K3D7P6,1
C6A0F8,1
Y4H4Z8,1
M6J4P2,1
M2D5E8,1
S4E2B4,1
S9C1B1,1
E5B6E2,1
X0Q1B3,1
S9A6K2,1
T4N1V1,1
M3I3Y8,1
R8C1D8,1
B0C8E3,1
A2B8F6,1
P9A6P5,1
T7O2S5,1
S8E5E4,1
A2F2P0,1
T4P3V8,1
P9O6B9,1
N1H2W7,1
H4W6R7,1
K6N7S3,1
X4R7N8,1
E8A4D2,1
H1G5X3,1
J8T4A8,1
G1L3R5,1
C9C5C6,1
H8O8N8,1
L2G7G1,1
C0F9R5,1
T9M1P2,1
L4J8Y2,1
T6E6J7,1
E9C5F1,1
M7F1Q9,1
V0R1X1,1
K1A0C8,1
T9A3A5,1
B0U9V0,1
H7T2L1,1
V7O2G7,1
B8Q2V5,1
A4A8F2,1
V8W2V2,1
T5J2G4,1
R3C2N4,1
N7M6B2,1
P4N8C8,1
M1R5C8,1
G1K7L5,1
B3J3J4,1
C1A8K1,1
A1A2Y5,1
T4G1S9,1
E3N3H2,1
B2F1B9,1
C4F1A8,1
R7A6P3,1
T3D4T6,1
M1Y5Z8,1
V1Z3G3,1
B3S0B9,1
R2H0A3,1
P0M1H0,1
S2N1R2,1
C0F2Q4,1
C6G2M1,1
G9W6Y5,1
E3B2F8,1
A9E3C4,1
K6Y2K9,1
T5I7A9,1
K6V7N4,1
C0B1B0,1
L5L3R8,1
N3S7X6,1
E1C7F2,1
C3D1A0,1
L4Z1P2,1
L2R7B3,1
R3M3A2,1
C1B3E2,1
B0C4A0,1
C9A9B8,1
B0P1J0,1
B2N1M1,1
E3N4A8,1
H3B9J2,1
K7N1X2,1
K0H1G0,1
Y3V5Z8,1
Y1J2F7,1
S7N6A6,1
V1C7G2,1
E3U0Y4,1
L4Q3F8,1
E2E3L4,1
M3J2J4,1
A9P0K0,1
K5W3D3,1
L4Y2B8,1
M5J1A5,1
K1N9C3,1
N0A1E0,1
E2L3Z8,1
C6C6C4,1
S6H1V2,1
S6H6M3,1
R7N1C9,1
R7N1R7,1
R7N1K3,1
Y1A5R3,1
K1R5T9,1
V0M1A2,1
T1B3T8,1
M6K1L3,1
A1C2H1,1
C0J6V7,1
J7E1V1,1
B0A5Y4,1
L1U7V0,1
T6X5V7,1
L9X8X1,1
R3Q9M1,1
V7L8J2,1
A7Y0D5,1
T6P1N8,1
N9S3N4,1
H4N1M8,1
C2E2C1,1
X3B7H8,1
K7P7F9,1
X0S1C1,1
N7L4V6,1
S3J8W9,1
R5W3E8,1
T9Q8I8,1
P3S1U3,1
J6W1H2,1
E2F3E1,1
S6S4M7,1
A5U2N9,1
R9S1B4,1
T8U7V9,1
G5D2G3,1
S9X1N9,1
H2X4N3,1
H1E9M6,1
N8X3W5,1
A0C0B7,1
T4V4B4,1
E1V3V5,1
T8B1M1,1
L6A0R4,1
K6V2T3,1
X3M7F8,1
M3H5T5,1
M1E8A6,1
J5S1M3,1
B1H8U9,1
T5M3W6,1
M3K1G6,1
S3X9S4,1
M2G9O2,1
B9K4I9,1
T4T1A8,1
A0A7E6,1
C7F7E3,1
H7P6L5,1
H2A9S6,1
B9F1E5,1
A7X3P5,1
Y6L1K8,1
B8C1C4,1
C6F4C0,1
C1F7E5,1
M5C2C5,1
P0G9M3,1
T2C4X5,1
B2S4Y4,1
X7S2F4,1
T1F1R3,1
K1H8K5,1
K8P3B8,1
N9C2L5,1
T8W6T2,1
T3W9K6,1
L8E2S7,1
M4G7D6,1
B2V4B3,1
K2P2M3,1
P2C1C5,1
C4R5H2,1
T5I4O5,1
H6Q1P2,1
B7X6Q4,1
S6J6B0,1
G0A3O2,1
J8G3P5,1
T4N5H7,1
K0E2P5,1
A2H5I1,1
N2J8O7,1
P4G9W0,1
P0I4K0,1
X6I6P6,1
K4J5Z1,1
T6B3N6,1
G1V4W2,1
C0D6D4,1
K6H6J6,1
P7A4Z6,1
E5C8B1,1
N9A7K6,1
T9N2J2,1
G4U1J3,1
T2A0A7,1
H3B3J3,1
T6B2G2,1
M0P0Z3,1
E4J2Y5,1
G7R7R6,1
M9T5C6,1
X3J1S2,1
L6T5K1,1
G4U7Y8,1
A0V0F7,1
S1M2B9,1
B9E3N0,1
X1K3G7,1
T3D9D7,1
H4A3S5,1
B7V8J5,1
A8A6Q8,1
B5Y3N1,1
J0E2L0,1
E4E4B0,1
B9C4D0,1
S4E1N0,1
V0O3R6,1
J6Q9U2,1
J3P0R1,1
B7E9U9,1
G1Y5I4,1
P8Y3Z5,1
C5E1F2,1
B7F6E1,1
L4C3E9,1
J8P1Q8,1
Y9K4N5,1
M5R9U6,1
N5M3A6,1
P1B8Y4,1
A7H4N8,1
J8N1C1,1
S6H6H5,1
C8B8P4,1
B3A1N6,1
X9V1Q6,1
V4J0T5,1
G0M9X0,1
T5R4H5,1
G7O8C6,1
M3H5S4,1
E8R5E0,1
G8K4J3,1
P8W0G7,1
T2A6K3,1
S6F6F5,1
G6K8K1,1
J7U3O7,1
H5C8S8,1
M0M4B6,1
B0E8Q2,1
C2L4V7,1
J3C3P1,1
V9E7Z6,1
K8F2U3,1
T5M9Y1,1
T8T8E9,1
B3Z1S8,1
V5I6T9,1
T2T8H0,1
M3P1U7,1
Y0L9A3,1
X8L7C8,1
Y7V7C1,1
T1W2W8,1
Y2S8J0,1
H3B5Q6,1
C1O0E1,1
B5E8E9,1
M3H5S7,1
V7Y6R3,1
R9S6P8,1
T1W2H4,1
B9O6K8,1
M7D9T4,1
K9W7H6,1
C4S9I0,1
T1L1A3,1
R2X3H8,1
X0W7G4,1
L8K0R1,1
X8O6V5,1
G7U5X5,1
M5N1E3,1
M2H0I4,1
B1R8U3,1
T2E7A4,1
B8K8A9,1
H6S2A9,1
H3T1R1,1
H6P7M8,1
G6K3J4,1
L3S8R3,1
T0E4Z4,1
J4M0G0,1
A6H2F6,1
S1E9S6,1
R0Z5D9,1
B7V6D5,1
M7T9H7,1
Y5M1A2,1
R2N4E1,1
K5Y9P4,1
X0Q6C7,1
G9N6M9,1
T2K0V2,1
P8Z0X1,1
C2H7O7,1
K0Y4V8,1
A5A0N5,1
P1H1A1,1
E4A6C0,1
Y0Y8T0,1
T1W1L7,1
S9Q5I3,1
R1P0D1,1
P0A1G0,1
T1W1J7,1
R1X1J1,1
H7Y0K0,1
H3S9J5,1
E3P8P5,1
H0I7T6,1
K3D0A4,1
J3V4N6,1
N6Q8S4,1
B6I0Z5,1
A3V1O2,1
P6L0D0,1
H2Q3Y2,1
P0B1L0,1
R3D4S8,1
J0U5N9,1
K1N6E2,1
V2V1J9,1
E1C1F9,1
M6A1A1,1
V6K2L2,1
M5J2N1,1
L4K0C4,1
E9F2F5,1
L4S0B8,1
C7B0A0,1
K6V5T2,1
K7L1S3,1
V3N4K3,1
B3K2S1,1
P3A3T3,1
T6B3S6,1
B4C8D6,1
B3B3B0,1
L5L1X1,1
R3P2P3,1
V1C5L7,1
C1A4R6,1
J5Y3X7,1
L5L5Y5,1
V9L6S8,1
S4X3G6,1
R3A1M4,1
T3A5J9,1
T2E9A3,1
T4G1S1,1
S6O2G4,1
A0E1R0,1
N3C2V3,1
N2J1A1,1
N1T2K7,1
N1R7G8,1
T6J2S8,1
A6D0E9,1
L3V6D0,1
P4J6X3,1
A3N3P7,1
E0X4N4,1
P9N8Y5,1
R6P8A4,1
P9P9J0,1
B9C9D7,1
V6K3A6,1
B5B6C8,1
V0E1H1,1
V2M2A9,1
V3V2K6,1
V2Z1N1,1
V1T6L2,1
V7H2Z2,1
V2C3A6,1
V2N6B4,1
V2N6J1,1
V3B2V2,1
V4N5Z3,1
V9C1K4,1
V0H1X7,1
V0K2E2,1
K0E1P0,1
M5E1B4,1
V5Y1E4,1
V7P1S4,1
V6Z2V4,1
V6J3B1,1
V6K2E2,1
V7N3J6,1
V4B4N4,1
V7M2E6,1
V5T1V6,1
V2X2T6,1
V2X0E6,1
V1M4G1,1
V2X2P8,1
V5L3W9,1
V7V1A6,1
V6H1H6,1
V7H2Y4,1
V3L3W9,1
V5L3X6,1
V5Y1P4,1
V6P6G5,1
N8O1T0,1
K1H1A5,1
K2P0Z6,1
K2G3S1,1
K1N7T7,1
K1K2E8,1
K1G4C8,1
K1G3T6,1
K2H8X4,1
T1W2A3,1
N6S7Q9,1
L4S9C5,1
T1W1P6,1
T1L1J4,1
K1S1Y3,1
K5T6E4,1
A6H6B7,1
H0H5W8,1
E8D6G7,1
X1G1W6,1
S8Z4B1,1
X9G7I3,1
T8D9N9,1
H7Z7U0,1
K9R2K1,1
P1K6Y0,1
T1L1C1,1
B3M3M9,1
L5Z9Y3,1
B9A1F5,1
E1R2J6,1
R0C7X7,1
K9A4W4,1
V4R2D8,1
M7C3G7,1
A2L2S9,1
Y5W0H3,1
Y9I7W1,1
L7S2H5,1
P2A1Z1,1
T1W2W1,1
P8K2X9,1
T1W1Y1,1
J8S1N3,1
A4J0E4,1
J2U4G8,1
C1U7N7,1
P0B1M0,1
B9J4U5,1
X2L7H9,1
N3Y0Z2,1
Y7G4E3,1
V1L3H3,1
P0E1N0,1
A6U7O9,1
A4K0L8,1
E4G6G3,1
P4Q5E0,1
J6U2R2,1
P1B1B9,1
K4S9S3,1
L3B5J9,1
S4U9N3,1
H4L5J6,1
C3W0W5,1
Y6X3X2,1
P1H1Y7,1
T2C1N9,1
T4A2G8,1
S1V1H4,1
C0D6Q8,1
P0A1J0,1
T1L1H5,1
J0U9B5,1
H7P7B9,1
H8P3N1,1
T1W1N4,1
T1G2C9,1
R7Y4W2,1
R6Z1R8,1
Y0N6N0,1
H4G3G9,1
H4G3J4,1
T1A1H9,1
H2V3R9,1
N7M1R3,1
H1A1T6,1
H1G6E2,1
H1G6J8,1
H1P3G5,1
H1P3G4,1
X1U1G7,1
N8J1Z6,1
C7F6F7,1
T6B2H8,1
H4L5C9,1
P2B2S3,1
H4L1P4,1
H4L1P2,1
H4L4L8,1
H4L4L7,1
H4L4J5,1
P1B2A6,1
C2Q0Y1,1
T2C1N6,1
B5P7H3,1
P7B6E6,1
L7R2J6,1
T2B3M4,1
H8R4B5,1
X2J8Y3,1
M7G3H3,1
H8R1L4,1
C1B7F5,1
P5K3D0,1
B8T0L0,1
X9P6S1,1
H4G3H4,1
T1X0K3,1
A4E9A7,1
J2W0B7,1
A6C3Q6,1
H4W0T2,1
R1M1B5,1
H1G3P4,1
H1G3P6,1
T0U7W3,1
H1P3M1,1
H1P3L9,1
K1H8M2,1
K1T4E9,1
P1B8R3,1
H4L5K4,1
T2A5L7,1
K1N6M8,1
K1M2C9,1
K1N9E6,1
K1N5H3,1
K1P5B4,1
K1P6G3,1
K1M1P4,1
M5R2L4,1
K1N9K1,1
K1A0S6,1
H8R4C3,1
H8P3L6,1
P1B7K9,1
H8R1X8,1
J1L0W8,1
T5S1K8,1
H8S3A8,1
H8S3R1,1
H8S4E3,1
K1P5V5,1
H8S1G3,1
H8S1E2,1
H8S1E1,1
H8S1C9,1
H8S1C8,1
H8S1C7,1
H8S1C6,1
H8S1C5,1
K7V4H2,1
G4T2V3,1
H4H2T2,1
H4U4N2,1
X5Y0X3,1
J2J2J1,1
X0D2W0,1
T7E1T9,1
M1H3L7,1
H8S2J6,1
K9H2K5,1
H8S3G3,1
C8E3D9,1
T6B3P9,1
L8V1V1,1
T7X3A5,1
H4H2T3,1
T4H1V1,1
T4L1A8,1
T6B3M9,1
K8N1E6,1
M9W6V1,1
T0G1L0,1
L1X0T9,1
V5R0G9,1
G1U1F7,1
R5R1G9,1
G0D0X3,1
E7G0E9,1
H8R4B1,1
B0S7Z4,1
V3P3P4,1
H8N3B1,1
P5N2E9,1
G7O8J0,1
E1O8S8,1
E3I2Q9,1
J8U0B9,1
Y4O4Y7,1
C4U4T5,1
M3D9D4,1
T5M2T9,1
B5F8E0,1
T5Z5Q8,1
S6Q9D9,1
C2O2K0,1
T6E4N7,1
V7I4R7,1
E3J3E0,1
Y8Z5P5,1
T7V1S9,1
T7E1T1,1
A3M2I0,1
T7V2A1,1
R4A1Y2,1
N1B6S2,1
N0X2N1,1
R3I6G2,1
M2V9W6,1
E3X7H9,1
J9D3I1,1
X2U6I5,1
L9Y0V2,1
T4H3J9,1
H8S4E4,1
M3F6Q3,1
K0K4L1,1
T6B2J7,1
T5V1C6,1
G9H0X3,1
M6L3R0,1
C1E2A1,1
S4P7O4,1
C1S2S2,1
H2V1E8,1
H1G6P8,1
B6D7F1,1
G7E3A8,1
J0W3H1,1
T7S1P4,1
A3V3D7,1
P2B3L1,1
T6N1A2,1
T9E7P8,1
Y3U6Y6,1
L4K4K5,1
C8E7D2,1
N5A6W6,1
C4X6Y7,1
T5P4H7,1
H8R4B6,1
R2O3L0,1
H1Q5S3,1
N9P4T2,1
M0V1R6,1
N4G4H1,1
A9A1F0,1
G9A1Z5,1
H4G1G9,1
T9N2P5,1
J3L1V3,1
A9Z3V6,1
N5A6Z3,1
S6V8U3,1
G3N5G1,1
K9A5Y5,1
J2X1V1,1
R0A2A0,1
L2M7P2,1
T9H1S9,1
J4H4E7,1
J0E1E0,1
H1W3X8,1
E8C3B9,1
R3J3Y7,1
H1V2L9,1
H1V2L8,1
H1V2J3,1
H1W3P8,1
H1W3N1,1
T7V1Y6,1
H1W1T8,1
T2M1X5,1
L5T1G5,1
E6F7E3,1
V1W3R8,1
V1W4L2,1
V1X1H2,1
V1W1S4,1
V0K2Z0,1
C1A8R8,1
V2S1Y9,1
V3C6B8,1
V6P3A9,1
V8V3R4,1
V9T5Z7,1
V3C5N7,1
V9B3N5,1
V3Y2A1,1
V4W1Z4,1
V0R1M0,1
V8Z4Z7,1
V3K6N7,1
V4C4S6,1
V9K1K1,1
V9P2P4,1
V8V2Y5,1
V7M1Z2,1
V9N9K7,1
V2E2B9,1
V9P9C8,1
V8A4J2,1
V4T1E5,1
V7J3T5,1
V9C2M3,1
V2A5J6,1
L4K1Z3,1
Y0A1B0,1
T0B4A0,1
L0R2H5,1
E3A5E2,1
H1S2Z2,1
C7C6C1,1
E9F7D0,1
B3J3W7,1
V2Y1A2,1
V5H1Z9,1
V6X2X9,1
V6J1Z2,1
N6B3L1,1
N2L3E9,1
L5N8J4,1
L4Z3M1,1
L3R5A1,1
L4B8G7,1
M2N5N4,1
M6P2H4,1
M5S1X9,1
M5H2T7,1
M5G1X3,1
K0H2V0,1
V5C6P7,1
A5A4R2,1
A1B3V6,1
A1E1W6,1
A1K1A7,1
A1E4S6,1
M4W2J2,1
T2V1K2,1
E0E2D9,1
B7B7B4,1
C9D7C8,1
H1W1V4,1
H1W3G8,1
H1W3G7,1
H1W3A6,1
H1W3P2,1
H1V2V6,1
H1N3N7,1
H1V3R5,1
H1W2Y7,1
H1W3H8,1
T9N2L1,1
T6B2J6,1
H1W2G1,1
M1J2C2,1
P3C4J2,1
H1V1R7,1
A9C4E3,1
Y0A4X4,1
P3E3Z7,1
H1W2Z7,1
H1W2V9,1
H1W2X9,1
H1W2R1,1
H1W3P9,1
H1W2L3,1
H1W3K2,1
H1W2N2,1
H1W3L7,1
H1M1G9,1
H1M2K6,1
H1M1E3,1
H1M1G3,1
H1M1E6,1
H1M2J7,1
H1M2J6,1
H1M2J5,1
K8V1M1,1
K1T3J6,1
K0G5M2,1
K1N9N4,1
K1L6H8,1
S4B6E6,1
M1W3W6,1
N6C4R4,1
P4N6Z2,1
M7A2H1,1
M9C5J5,1
L1W2A1,1
L4M1A6,1
J3B6T4,1
T0A0M0,1
L2A1P1,1
H1V3C8,1
H1V3B1,1
H1V2Z1,1
H1V2X1,1
H1V2W9,1
H1V2V1,1
H1V2T9,1
H1V2S4,1
H1V2J2,1
H1V2G2,1
H1L6N3,1
L3R1A7,1
A7C5C2,1
T1L1E1,1
H1V3J2,1
H1V2C7,1
H1V3C7,1
H1V1B2,1
H1K2E5,1
H1K2H9,1
H1K3R2,1
H1K3N8,1
H3J1B1,1
P8N2A7,1
N0M2E0,1
K0C1W0,1
N0K1K0,1
N0N1J0,1
P1B8L3,1
K0J1C0,1
N3A2P7,1
N0K1M0,1
K0E1L0,1
N0G2R0,1
N0M2T0,1
N0R1B0,1
N0J1C0,1
P0L1C0,1
N0G2T0,1
N0N1K0,1
N5H3E7,1
H1V2R3,1
H1V3K6,1
H1V3K7,1
H1V3G6,1
H1V3G5,1
H1V3J6,1
H1V3J7,1
C3E3B8,1
H1V2N6,1
H1V2M2,1
C2A4E6,1
C7B0F3,1
E4H0A0,1
E4S0Y2,1
T0P1P5,1
J5F4G8,1
V9S4E4,1
H4R6V0,1
J5Y5N8,1
K5W4G7,1
B4S5Q9,1
C4D1Y1,1
N0K5V6,1
J3B6V5,1
T2E7P4,1
T2L2J8,1
P7B1A7,1
H4C2N2,1
H1V3N6,1
H1V1N3,1
E1C6A6,1
T0A3A0,1
H3J1J1,1
H1L6L3,1
H1W2Y5,1
H1V3T6,1
H1V3C1,1
L2P3H6,1
M2N5W9,1
T5R0Z1,1
H1W3N4,1
H1L6P4,1
H1L6P5,1
H1W3B5,1
H3J1L2,1
A5A9B2,1
A3Y2I1,1
H3J1L4,1
T9H2E9,1
J3A1G2,1
J3M1L7,1
T9V2G6,1
H4C2N1,1
H4C1X6,1
H4C2K9,1
L5E1E4,1
B9D2F8,1
M3C1Y9,1
N0G2H0,1
Y3M2Q2,1
H1W3E6,1
B0A8C0,1
M2Q5Y2,1
H3J2M4,1
H1M3J6,1
H1W1X8,1
H1W1X5,1
H1W3X5,1
H2W1T8,1
T9E7P7,1
T4H0A2,1
H1K5B5,1
H4E2V3,1
H4E2V4,1
H4E2S9,1
H4E2S7,1
H4E2S6,1
H4E2S5,1
H4E2S4,1
H4E2T4,1
H4E2T5,1
H4E2W1,1
Y0N2M2,1
H3J1H8,1
H3J1G7,1
H3J2H8,1
H3J2H7,1
B3B3R3,1
H4C2E6,1
H4C1T3,1
H4C1T1,1
H4C3A6,1
P6C2V5,1
H3J1G6,1
H3J1J8,1
H3J2M2,1
H3J2M3,1
H3J1A4,1
H3J1Y5,1
H3J1B7,1
H3J1Z6,1
H4E4J9,1
H3K2L6,1
H3K1R3,1
H1V3P7,1
L8M1H9,1
T9V2X1,1
H1V3B9,1
A4M2U0,1
T9E0A8,1
E4L1B3,1
E4L1C8,1
H4E1K5,1
T1J4X4,1
L8L8K3,1
L6T1A2,1
P4N4X5,1
P7C4B1,1
S4B0G2,1
B8U4N8,1
P8N2B2,1
S9V0G4,1
H1N2H4,1
H1N2H3,1
T0K0M0,1
H1N3G7,1
H1N3H6,1
H1N1T8,1
T6E5B7,1
H1W3E4,1
H1W3E3,1
H1K2T1,1
H1K2S9,1
H1K2K8,1
H1K2K9,1
H1K2K7,1
H1K2K6,1
H1K2L8,1
H1K2L7,1
H1K2H8,1
H1K2H6,1
L0E7V1,1
B8Q7G2,1
M5H3S6,1
L2M6S3,1
H1V2L1,1
P3E6C6,1
M1K2M2,1
N1A3K4,1
H3J1V4,1
H3J1L1,1
H4C3L4,1
P1L1W9,1
Y5Y2Y0,1
T1W1J9,1
H3K3G1,1
T8V0N5,1
R8Y6W2,1
E6S5F4,1
L7X6I5,1
K2S7P4,1
T8A4G6,1
T0H0I9,1
H4A4I4,1
T4L3Z8,1
H5S1W9,1
X1A1A1,1
S1C1C1,1
T3E0B6,1
L3Z2B2,1
H3K1X2,1
E1D2M2,1
T9T5S2,1
G2E5W2,1
H3J1E7,1
H3J1E6,1
H3J1E5,1
H3J1Y6,1
H3J1Y4,1
H3J1Y2,1
H3J1B6,1
H3J1B5,1
H3J1B4,1
H3J1B3,1
P1B9V1,1
L4M3M9,1
H4E4L1,1
L9R1S9,1
L5S1J7,1
H4C1N6,1
H4C3K2,1
H4C1N1,1
T9R9T9,1
H3K1E7,1
H3K2W7,1
H3K3C9,1
H3K1N1,1
H3K1M9,1
H3K1M5,1
H3K1L7,1
H3K1L5,1
H3K1K1,1
S4N6H4,1
L5B1M5,1
T2J0N3,1
H4E1Y6,1
B0D5C7,1
M2R1Y8,1
M4H1A4,1
T6K4B5,1
K6H6C9,1
T4N2R2,1
J8T8B6,1
S0H4K0,1
L1H7K4,1
M1C1A4,1
T1K3M4,1
R3B2E9,1
H3A2B3,1
B1A4W5,1
N2J3Y7,1
P3E2C6,1
M5B1E9,1
X1A2G5,1
B3H4J2,1
Y1A5M2,1
S4P3A1,1
T6G2J7,1
V5A1S6,1
J1M0C8,1
V8A2K2,1
V1L1Y8,1
K8N5B9,1
R7A2A9,1
K7N3Z4,1
N9B3P4,1
N5Y5R6,1
L4A1G7,1
V2S7M8,1
V1V1V7,1
P7B5E1,1
E3B5A3,1
A1C5S7,1
V9R5B8,1
V0K1V0,1
V0G1Y0,1
N0B1T0,1
K0J2A0,1
B2G2X1,1
V8W3P3,1
N1G2W1,1
V6A4J1,1
L8S4S4,1
E2L4L5,1
B3G1M5,1
S7K1M4,1
V2C0C8,1
L2S3A1,1
G0G1W0,1
X0B0C0,1
V0G1Z0,1
H4C2M6,1
C5D7D7,1
E1F8B3,1
T1V1P2,1
K2P1M7,1
H3J2B5,1
H3J1C4,1
H3J1B8,1
H3K1E6,1
T0A1A0,1
H3K3J6,1
K9L2A3,1
T5S2L1,1
K0A3H0,1
P3C5M9,1
C7Q6U7,1
Y7G0Z6,1
A4F4E0,1
K0A1W0,1
P4N7H6,1
H1V3S3,1
H1L6P7,1
H1L6P6,1
H1W2L4,1
T1G2J1,1
B9E3F2,1
T6T1R7,1
H3K2L4,1
H3K2L5,1
H3K2Y4,1
H3K2Y2,1
E2V7V7,1
H4C2M1,1
H4C3J8,1
H4C1L7,1
H4C2Z4,1
H4C2C3,1
H4C1C9,1
H4C1Z7,1
T2G4S6,1
P6X6D6,1
H3K2M6,1
H3K2N8,1
H3K2P7,1
H3K1S4,1
H3K1T9,1
H3K1R6,1
H3K1E4,1
T6M1G9,1
H3J2E9,1
H3J1J5,1
H3J1J3,1
H3J1J2,1
H3J2C1,1
H3J1K6,1
H3K3E8,1
H4E1L1,1
G7V7G6,1
L6P6L5,1
H3J1K7,1
K1R5N1,1
T2X1N4,1
T6K4B4,1
T9H5C8,1
R8W4X2,1
C0T6X3,1
J2R1C6,1
M3B2S7,1
P7C4V1,1
A9A6D6,1
T9W1S8,1
P4R1A2,1
P3A2T6,1
R7B1M8,1
R7A6Z6,1
H3J1L7,1
J4G2M1,1
H3J1A6,1
H3J2A9,1
H3J1E1,1
H3J1C5,1
H4E3J5,1
H4E3J6,1
H4E3S2,1
H4E3S1,1
H4E3L8,1
H4E3G7,1
H5V8D6,1
T2P0J8,1
K0K2T0,1
H4C2M9,1
H4C3K7,1
H4C2T9,1
H4C2T2,1
H4C1X7,1
H4C2X7,1
H4C2W6,1
H3K2T7,1
C1B9F3,1
K8A3I5,1
L9Y2N6,1
L5R3G5,1
T1L1B5,1
M5R2M2,1
L5P1A2,1
P4N1B7,1
T1R1B6,1
M5S3G3,1
A4C8B8,1
C1E5F3,1
B1F0F0,1
C3B1F8,1
C6C6B5,1
A3D1D3,1
C8D1A5,1
A6D1C3,1
B4E7A8,1
C0E1B1,1
E2F7B7,1
E1F9E4,1
A6F1E5,1
E9E9F9,1
B7D5B4,1
A8D2B2,1
C8D9A8,1
E3E4D8,1
E6A0D1,1
C0B8C6,1
C3F9A8,1
C2D2B1,1
B4E2C6,1
E3B8F2,1
C4D0E1,1
B1A3A1,1
C6E6C6,1
E0E3D4,1
E2E4B6,1
C2A1C8,1
E7B1C9,1
C6C4C2,1
A7F7A8,1
B5E0A8,1
B2C1F3,1
C1A6D9,1
B5C6F0,1
C3E3F2,1
E0E0D2,1
B0D9B5,1
E7E7B1,1
B8C7B4,1
B7A3C8,1
C2E5F8,1
C7E5B0,1
E6F5B8,1
C3B0D1,1
A0D6B5,1
C3A4A2,1
E0D8D0,1
C0B5A8,1
E7A4D5,1
C9C5D9,1
B4D0C8,1
A4B8F8,1
B9B9C8,1
A8B4F4,1
C1D5C5,1
C4C4C5,1
E0C2F4,1
B2D8F6,1
E7B9F2,1
C6D1E8,1
E0B2B8,1
B2C9A9,1
A4E9F3,1
B4A9E4,1
E3A1C8,1
B1A0C3,1
B4D4E9,1
A3F7E9,1
E9A9F7,1
E3D0F8,1
B4A9E3,1
C6A0F1,1
H4E3H1,1
H4E4N6,1
H4E3J9,1
H4C3P1,1
H4C3M1,1
J4B6T3,1
N6R5R9,1
T4P2B2,1
T3H0N5,1
T8V7E1,1
C9A6A3,1
X0K4L0,1
V9T5L9,1
T3B5B4,1
P1B5X9,1
Y0Y2E5,1
H3M9D2,1
B5Q9O7,1
R7A2B2,1
K8P3H8,1
T1A8M4,1
T4N7C3,1
R0J1N0,1
L9A3B3,1
C6E1C9,1
M5B2L9,1
L9G3K9,1
P2B3H4,1
R3G0C2,1
Y2E3Y2,1
N1R7L3,1
Y0Y3L1,1
C1H1S1,1
T0H2H0,1
H3K1X5,1
H3K1R8,1
H3K1P1,1
H3K2T1,1
H3K2M9,1
H3K2T4,1
H3K1L1,1
H3K1K8,1
S8H0U1,1
Y3N2E2,1
T3Q8D3,1
G0C9K2,1
C4Z7W6,1
A1E2A1,1
E6L1D6,1
V6Z2K8,1
R2X2X1,1
P4N8R6,1
Y2I0M2,1
C6C8D2,1
M4G1X9,1
R3J0J7,1
M4V2M3,1
K7M2E5,1
N6K1M6,1
N1R6J8,1
T7X3C7,1
N0N1M0,1
L4Z0A7,1
J4K2L2,1
J4K3R5,1
Y6X4Z9,1
M0O0N0,1
R5V1C4,1
Y4M0T1,1
T5C1V7,1
T5H3V9,1
C7C5D7,1
P2A2W9,1
K2P2R1,1
L4N9E4,1
L4N9Y4,1
N0G2V0,1
P3Y1P4,1
M6K1Z8,1
T9E7Z3,1
T2D7P7,1
J3E0A3,1
J4Y0F2,1
L6B0Y4,1
T5N9R7,1
K1Y7W3,1
P2B9Y6,1
T5H0G2,1
N7T8E8,1
R5J2G1,1
L7F6H7,1
V0C1G0,1
G7D2E5,1
R2C2X5,1
H4E4J2,1
K7Y5I2,1
H3J1V8,1
H3J2L4,1
H3J1V3,1
H3J2L3,1
T2V4B6,1
H4E4J7,1
L5R3V2,1
L5B2E1,1
T2G3H1,1
T6B2C5,1
T2M1H5,1
C6W7D6,1
C7V7A0,1
T6G2G3,1
Y0R6I1,1
M6B9N9,1
P0L4A1,1
T2G0R9,1
V5R5L7,1
L1H4P0,1
P6A1X1,1
H5S4E3,1
X0R7B2,1
X7R0M5,1
Y9O9T0,1
T3P0A3,1
P7C5H3,1
H0Z1P7,1
R3J0P5,1
A8G2X1,1
H1D7Q3,1
N6G4R1,1
R3L0J7,1
L9M2G3,1
K1K1K4,1
H3J2M1,1
H3J2L9,1
J2L4U8,1
L7Y4O9,1
T5P4M3,1
H4C2T8,1
H4C2Y3,1
G2J2F0,1
G6R0L1,1
Y7Z9M4,1
M5E6A6,1
M3F4S7,1
E8C0N5,1
E1C0T1,1
L5B3Y3,1
R3P2N3,1
A4O4P7,1
R2V1Z7,1
R2R1V3,1
Y8Z2I1,1
N1W4O5,1
A2W0Y4,1
J0M5P7,1
H4E2A6,1
L0J3K5,1
X1X1G6,1
K1K0D4,1
M5V2J6,1
B0P1V0,1
T7T3C9,1
H3A2V7,1
M6A5N6,1
G3Q5Q5,1
R3J0H1,1
G1R4T8,1
T6S1A5,1
T8B0A4,1
G4N2L3,1
T5H3T7,1
M6G6F6,1
Y1Q0K6,1
J3X2C9,1
B1R9U9,1
N7F9S6,1
J0M1A0,1
J7V8A3,1
J6S6M8,1
J2S8T6,1
J2S4Z3,1
J4H1X1,1
J4P3P5,1
B5N6S6,1
T3H2T9,1
J3P1J8,1
J6K1B7,1
J3B6Z1,1
J6T2K3,1
J2S4N9,1
J2G4W5,1
B5J0P2,1
V5X4K6,1
N4V1E6,1
R2M3T6,1
V0U1P4,1
H6G3N0,1
L9Y3Z2,1
H3J2G7,1
H3J1G3,1
H3J1K8,1
T4P3T5,1
H2T0A2,1
P3Z3L1,1
T0E1S0,1
E6B3E2,1
H2L4M9,1
H2L3W4,1
H2L3S2,1
R2X2T7,1
K3J5Q2,1
E9A2S8,1
N8D3N3,1
H2V4K9,1
H2X3A1,1
T8A4N6,1
R3E3L9,1
H0H4S6,1
H2T3E6,1
H2T1G4,1
R3H0K3,1
H9S5H4,1
C0C1F0,1
L2R4N3,1
K1N5X1,1
E8G1R1,1
J9U0Q5,1
Y9S1M7,1
K3I5B4,1
M5S1A1,1
T6E6J8,1
H4C0A4,1
H4E1H1,1
H3J2V4,1
H3J2Z9,1
H4C3L3,1
T9H4C4,1
N4K2H2,1
T2E2R9,1
M2U1H0,1
N4G1P1,1
N1H7K9,1
S2B7C5,1
R3M2M5,1
L0K1S0,1
H2J1N5,1
B2C3A4,1
R4H1C8,1
R2X0A3,1
M2M5M2,1
Y6P2U5,1
E9B1C2,1
X9Y8F2,1
Y1Q3A4,1
H2H1G8,1
C7H7G3,1
M8V4D8,1
B3B0E6,1
H2T3C1,1
H2T2E5,1
H3M1A1,1
H2W2C6,1
T2Y3W5,1
N7F7N8,1
H8X1N4,1
V4B1D5,1
N0B1M0,1
K6E4V7,1
N2S1D3,1
T9X1A2,1
T2Z4Y2,1
T3K5J6,1
R1V0L2,1
H9A1R4,1
T3J3Z5,1
R3C0C9,1
B2H5E7,1
L1G4B6,1
B0Z1K1,1
K9J2T8,1
K2C3R4,1
H2L3W3,1
L5S1M2,1
N0P2G0,1
H2W2L8,1
H2T2H8,1
R3K0N8,1
S7E5B6,1
H2H2C5,1
H2W1X4,1
M5K1B2,1
S4L2J6,1
N9R6P4,1
M2X9D2,1
G8H7B5,1
G1M7J9,1
R6I2Q3,1
M7Y4M2,1
B9X0W2,1
J4R5V4,1
L5J8C9,1
M1U9Y1,1
X4X6T2,1
E3W1K0,1
H0V6B7,1
M0S7W1,1
P9T2Y4,1
N6G5B4,1
Y0Y2M3,1
T2Z0S8,1
N5W3V9,1
M7I2S5,1
M5X7J5,1
H3F0N9,1
P5X0M5,1
X2T9Y2,1
L4T7L7,1
T3Y3C4,1
K3O5N8,1
C0G1A2,1
V5U0I0,1
T3Z3Z3,1
C3K0Q8,1
T9Q0S0,1
H9B3R2,1
S7A8U3,1
H1S0E3,1
B1C5D3,1
V7K4P4,1
S8S0O4,1
A0K8K6,1
E2L3M6,1
T2G4M6,1
H4R9I4,1
A0W3S0,1
V5P5K5,1
N4A8V3,1
T0B3I9,1
P3C8P3,1
H2M2E5,1
R3B2W6,1
Y0H6N0,1
K5U5H3,1
H2J1R6,1
H2H2R5,1
H2X3A3,1
X7D6R9,1
R6A7H4,1
R4W7P6,1
H2B1V1,1
C9I8V3,1
H6C0K4,1
H0C6U1,1
E4Q3E9,1
T3H3P8,1
R2V1H8,1
H4S1A7,1
H3A3G5,1
B2H3S2,1
B4B1G8,1
H2L3R6,1
A3C4A4,1
R2J1M1,1
T1B9W5,1
V1W2U0,1
T4R6O8,1
B3L1A1,1
H1A1C2,1
H2M1H8,1
H2M1K5,1
H2M1J3,1
H2M1J2,1
J1J6C6,1
X1K4T9,1
V5T1E1,1
H9S1X1,1
K1P5J9,1
K1P6M8,1
T1B4E9,1
C9D4F0,1
V9L9Q8,1
G9Y8G0,1
S1X5P5,1
H7N5W5,1
C8S9I0,1
R2P0W9,1
R2G4H2,1
H2B3C7,1
H2B3C2,1
H2B3B8,1
H2B3C1,1
H2B3B9,1
M5V1E3,1
H3J1J4,1
H3J1K4,1
J4S8M3,1
T2M7B8,1
Y8T0J5,1
A2P9O5,1
N8H1N8,1
C2B1S4,1
T9H4Y7,1
S3P0R4,1
C4F3B0,1
P0T8R4,1
R2R0N1,1
Y5K8S6,1
H4C3E2,1
H4C3E5,1
R3B1G7,1
X5M0X2,1
T3B5S8,1
R2K3Z9,1
J9Y7S7,1
A8R5J0,1
R2C3B2,1
T3G4B7,1
H2W2H4,1
H2W2E3,1
H2W2E1,1
T8V7Y9,1
H2T1T7,1
H2W2L2,1
H2T1W2,1
H2X2Y7,1
J6E4N1,1
A5F3Y4,1
X7I3R0,1
E1U8P6,1
H2Q5I3,1
L4H1J1,1
A2A8S3,1
R5X4T8,1
E4I4Q5,1
M5T1W1,1
H2T1C5,1
K8K7B3,1
X3V0O6,1
K2C4G3,1
T1B1J5,1
G6R1K8,1
T8B8H9,1
K6D9Z2,1
R3E1H9,1
H2J1W3,1
V6O3S1,1
X9B2O4,1
X9D4X8,1
V4Z2I8,1
N5A4V3,1
R2X1G9,1
H7F3L4,1
H2W2A6,1
T5L0Z8,1
C9R3E6,1
B3J9L1,1
H2L3W2,1
T9W1L2,1
G0R2V0,1
J2U4K9,1
B3Z1S6,1
H4K2Z4,1
J8Z2B5,1
J8T7W3,1
J8P1E3,1
J9H4G3,1
J8X3X7,1
J8Y3P2,1
J9H1A7,1
J8Y3S3,1
J8V2V7,1
J8Z1T4,1
J9A1T4,1
J8Z8A4,1
J8P1E7,1
J8L4B6,1
J8Y6T4,1
J8P1L8,1
V5B1S2,1
V5Y3T8,1
V1B2R5,1
K6V2S2,1
K0C2H0,1
M8Y1G8,1
L4N2N4,1
A3A4A4,1
H3J1N6,1
E6E5E3,1
V5Z4R2,1
M2N5N2,1
C5D7C6,1
V2T7A1,1
T5K0M9,1
T8H0T6,1
T7P7H6,1
H2B3B1,1
E7W5Y2,1
E5B1D4,1
H2C2H1,1
R2V4G6,1
B5B6C3,1
R3J3V2,1
B2N4B4,1
X8Y2M0,1
G7L1F2,1
G5L6B3,1
H3L1C1,1
H3L3R7,1
P6W1V7,1
H3M1K4,1
C4H2P0,1
Y0U8I4,1
X2R5D2,1
N5M5H1,1
N0D3D2,1
V4H4E4,1
N4S4B4,1
M6Z3G3,1
H1I7Q4,1
B4G4K2,1
K8A4R0,1
R3T1Y7,1
B3J3Y2,1
B4L8X2,1
T1V1M9,1
H2H1T3,1
Y2I3N2,1
T4N6H3,1
K1E3J4,1
R6P1E1,1
H9N2G5,1
T1C2B2,1
G6F7T0,1
K7V5T7,1
T6H4M6,1
R2C3A4,1
H1N7D6,1
B3B1R8,1
Y2D1H9,1
B4A3Z5,1
R3C3Z5,1
A3K7M7,1
R7A0M5,1
B0J3M0,1
T2E6W1,1
T0B0A0,1
R2K2M2,1
E6K2Y8,1
H1B3Z8,1
M1X2P2,1
R0E2H0,1
B4N4A9,1
B4N5G7,1
H1K4J4,1
L7D0X4,1
B2N1Y4,1
T5Z9T6,1
J6N6E9,1
S4Q3T4,1
N8R1P7,1
C5W4H2,1
X7A9T0,1
A2P7K8,1
V2M1Z2,1
H6K4C0,1
J3I0Z6,1
T3E7C4,1
V9C9I7,1
R3N1Y6,1
G0B8G0,1
P8S0X1,1
A0O1B3,1
V4W0V9,1
P5P2U4,1
C1Z5S0,1
J0S3G6,1
B5Q9M6,1
E5E1D8,1
P8M9B5,1
X3P0S9,1
P7O0F1,1
J6E4J5,1
L5G5S5,1
G2R3R5,1
H7P0R3,1
A3H9V9,1
V8O8J9,1
C0W9K2,1
V8A8L7,1
T5S2B8,1
P7F2Y2,1
T5J2R7,1
L3Y8T9,1
M3H5D3,1
J6K8V7,1
T1N4N2,1
T2G4X2,1
T8V2N2,1
T3O3M4,1
S8G3K6,1
B6D1E9,1
H1X3E2,1
X5U5T1,1
H2T2C8,1
H2T2C7,1
Y8A9Y1,1
H2W2J8,1
H2W2C5,1
H2T1W9,1
H2T1V5,1
H2T2V1,1
R2J0G3,1
B5B4C3,1
A1E4F9,1
H1L5I4,1
P7B2S4,1
J4Z9E5,1
T2E8Z9,1
H2T2C5,1
H2T2C1,1
H2T1G1,1
N8J1V3,1
C2O6O2,1
V9F1A8,1
H4J2G7,1
N4Q3V1,1
H2S2S7,1
J8D2U6,1
K0O8O1,1
H4K1P7,1
H4K2Y8,1
R2E1J5,1
R2R2B9,1
H2M1Z5,1
H2M1B4,1
H2M1B8,1
H2M1Z8,1
H3L1A1,1
H3L3A1,1
H3L1Y1,1
H3L2Y9,1
S8V0T0,1
N9G7A8,1
T8S2A3,1
R7N1Z4,1
H2X3E7,1
E3O8Z8,1
M9H4N7,1
A0F6E3,1
H2R6G5,1
C2Z9M8,1
G8K3D4,1
T5K1A9,1
H1K4Z1,1
B4N3V7,1
N8X2E6,1
H1Y3G6,1
H1Y3G5,1
H1Y2B5,1
H1X3K3,1
H1Y3G8,1
H4V8V8,1
H2S2G5,1
B0T1P0,1
E7J1Q1,1
P8W8W0,1
B6B6B9,1
A4A5A7,1
H2G2Y9,1
H2G2Y6,1
N2Q5N2,1
K7A9B5,1
H3L1G6,1
H3L3T4,1
K8D2S6,1
T6C4A5,1
C2C9E9,1
H3M3C2,1
R2G3T1,1
T1W1N5,1
R3B1R3,1
E7X5T4,1
B2G2C2,1
H1W3J9,1
H2M1L1,1
H2M2B2,1
V5G9A4,1
P2H4U4,1
K3A8M9,1
E7C7J1,1
C0U4A6,1
Y1B6Q1,1
H1E7E2,1
J6L9L8,1
H1B5M4,1
B4V2G8,1
M3W1H4,1
X4O8V0,1
M4A2M9,1
H1A1V1,1
B1A4R6,1
Y1N5J1,1
G1F9R4,1
S5A0L8,1
N0V9R8,1
R3D3I6,1
G8I3Q8,1
E9Q1B2,1
B0O6W7,1
T5L2J7,1
Y0L1V8,1
H2S2H8,1
B1S2E4,1
B4H4L2,1
E1C6S8,1
E1A6W8,1
E1C5N1,1
E1C2G7,1
E1C1B3,1
H2G3A2,1
H2G3A7,1
E9F2A6,1
N1N1O9,1
J4Z6H2,1
X7H7H4,1
R0U5U1,1
M4E3M3,1
A1Y0I8,1
N9U7V9,1
B0J5R8,1
E2Z4U4,1
R2N5B1,1
N1O1O1,1
T5J0B3,1
X8C9D6,1
T6V2X3,1
M6B1W3,1
T8H2C8,1
H1A1T9,1
V0H2W5,1
H1K1K2,1
H1E7G3,1
C3C1D1,1
A2B1F5,1
V3Q5H4,1
H9B3M6,1
X1M6Z2,1
H5M7Q4,1
R5Y9O5,1
K9Y2M7,1
G1R5T8,1
B1N4B6,1
N2E1N2,1
N1T1V1,1
H2G2V7,1
T0L2H0,1
H1X3G4,1
T2G2R7,1
T5T3H6,1
T6S1G9,1
B5A4A9,1
J4K2T5,1
J4H3H6,1
H2Z1W7,1
J4K5C8,1
J3Y7G5,1
A5F7B0,1
B2G2E3,1
B2G2H6,1
H2A2P1,1
P9B6A8,1
H2M2T6,1
H2M2P9,1
H1E5M8,1
S1S8Y0,1
B6F6A6,1
H1A3W6,1
H1A3X2,1
H1B5T9,1
M8P4X6,1
A1K1J2,1
V2X1Q1,1
N9X5J4,1
B5A2T5,1
M6Z9D8,1
H1E1J5,1
H1E1J4,1
H1E1J3,1
H1E1J2,1
H1E1J1,1
H1E1V1,1
H1E1V2,1
H1E1V4,1
H1E1T9,1
H1E1V3,1
C0C5V0,1
C3Y7Y2,1
R3C0E9,1
M3B4S2,1
R5G1V2,1
R3C2G1,1
L5X4Y8,1
J8L1G6,1
H1K1N9,1
R5J7A8,1
N7Y6V7,1
N7B0Q6,1
K2A1H3,1
Y0H6Q2,1
J1O3U1,1
E6G9F6,1
T6E0C9,1
H2S2X7,1
T8V5N3,1
B1D0K0,1
B4R3P0,1
H2S2N7,1
H2S1S6,1
H2S3N3,1
A0B5X4,1
B0K1S0,1
B6B6B5,1
H1T3K9,1
E6E1B2,1
H2G2E1,1
H3N2X6,1
H2P1E6,1
H2P2Z4,1
H2P2G4,1
N1G4M3,1
P6C8B7,1
L7N9V4,1
R3G0K5,1
C5D6E4,1
P9J5S6,1
X6S1M3,1
T0J2P0,1
H1Z2V6,1
L9N3M0,1
J7G3M9,1
L2Z3I1,1
E0O5D9,1
H1K4G3,1
S9A3U2,1
V4E1T9,1
J2L2K3,1
R8R7V7,1
H1X3H1,1
H1X3G9,1
K6B9I6,1
H1X1W9,1
H1T2W6,1
B0P1N0,1
J2T8G0,1
T6E3M1,1
H2E2P2,1
L1A3Z3,1
H1X1L5,1
H1X1J9,1
H1X1J8,1
H1X1J3,1
H1X2L6,1
H1X2L5,1
H1X2P8,1
H1X2P7,1
H1W1B2,1
B1P6S9,1
B1P6J2,1
H1T3G9,1
H1T4A5,1
K1H1H3,1
R0E1C0,1
H1X1T6,1
H1X2G1,1
H1X2H8,1
H1X2B8,1
H1Y3E7,1
H3N1Z7,1
H3N1T6,1
H2R1K1,1
K1N7W7,1
E1B3J5,1
R8N0L5,1
T1H5V1,1
H1Z1C5,1
B3K6R4,1
K4U3P6,1
H1Y1T9,1
T8B7F3,1
J3E2J9,1
H1X1G7,1
H2S1S2,1
B1P5X1,1
E2N2I1,1
R7B0R9,1
T5N3S5,1
H1Z4H3,1
R7A5C6,1
H1Z4H4,1
H1Z4B1,1
H1Z4A9,1
H1Z1Z4,1
H1Z2A9,1
H1Z4E6,1
H1Z1Z3,1
H1Z4E7,1
X2W2I7,1
G1W7F4,1
C2M7G5,1
J4M2S3,1
M2M2Y2,1
B0W2Z0,1
E8E4X7,1
R7E6C6,1
K0Q0C7,1
J6Z6I5,1
T3R1L3,1
H2R2J6,1
H2P2Y3,1
H3N1E8,1
H2R3B2,1
A1B4J6,1
H2A2S1,1
H2E2M5,1
R2Y1L1,1
R2L1X9,1
R7A4E9,1
H2E3A5,1
H2E3A6,1
G0S1Z0,1
G6E1N4,1
G0R4J0,1
M2I1M2,1
H8Z7K3,1
P7C2R5,1
T4B8U2,1
X2R6V3,1
H1Z4L2,1
H1Z4L1,1
Y8S7V1,1
V1U4E9,1
H2E2C5,1
H2E3A1,1
A6G9G2,1
H2K4R9,1
H1Z1E8,1
B2N1B1,1
M5V1I6,1
V4C5J6,1
B1P4S1,1
H2S2G2,1
H1Y3E9,1
C4D1K3,1
S8X5D9,1
H1X3C7,1
H1X3C5,1
H2S3R2,1
H2S3P8,1
H2S3P9,1
H2S3R1,1
H3N2X8,1
T6R2E3,1
M9W2Z3,1
R7A4G3,1
H2L2B3,1
H2R3A6,1
K1H8N4,1
M2U3M2,1
H2P2H6,1
E2L5C5,1
H2X3P2,1
H2A2M3,1
H3N1Y6,1
H2E2G2,1
A4Y2I3,1
E0A3C0,1
L5V2P5,1
M4G4B5,1
G0R2N0,1
G0X2Y0,1
G1P3S4,1
J2B6V4,1
G6B3B7,1
G0L2N0,1
J1A1X4,1
J0K3L0,1
B5U9O2,1
K6W4G1,1
J0H1M0,1
J7N2Y7,1
G0R1W0,1
G3A1T2,1
J0L1M0,1
P0W1L0,1
V2H8Z1,1
X4J9T5,1
R5M3R2,1
H9A0U6,1
B5X8A2,1
V3H2C8,1
H2A1V6,1
H2A3B7,1
H2A3C6,1
H2K3A7,1
H2K2Y4,1
H2K2Y3,1
Y9D3J0,1
P1B4M1,1
L0K7D5,1
H2K2B8,1
H2K2Z3,1
H2K3K5,1
H2K3C3,1
H2K3C1,1
H2K1N3,1
K0R2G8,1
A9I1L1,1
Y8M9S8,1
C7V4F2,1
C9C8C8,1
T2H2Z7,1
B0N2A0,1
H2S3E8,1
H1X3E9,1
R3C5S5,1
B1P1G6,1
B1P6H1,1
H2L2K8,1
H3N2X5,1
H2E1B8,1
H2E2S3,1
H2E2S2,1
H2A3N8,1
G6E9G9,1
B5M0O9,1
T0P3I6,1
H3N2J8,1
H3N2G9,1
H2A3N6,1
E1E4C6,1
R7B2B8,1
E5L1W7,1
E3B4Z9,1
H1Z1J2,1
G5H3N7,1
G0M1G0,1
G6P4B8,1
J0P1G0,1
G6E2W8,1
J0K2L0,1
J0A1N0,1
T2G3C7,1
G1J2V4,1
A7A9A4,1
V2A8K5,1
V1H2A5,1
C8C7C7,1
C2D6C2,1
V8Z7G8,1
V2J4R6,1
G8Y2A5,1
J8H1W9,1
H8T1E5,1
J8Y1R6,1
G7H4V4,1
J6K4Y6,1
J1E1H1,1
H2K1V7,1
G1H1H1,1
H2L3C2,1
X5U3V6,1
T4P1Q3,1
J3A6D2,1
E3Z2W1,1
H2R3B6,1
H1Z4H2,1
H2R0A2,1
B6E6B1,1
H6Z5B4,1
B9A3J9,1
N2M5C6,1
C5N3B1,1
P6X7Y1,1
R1A2C9,1
H1Z4B2,1
H1Z3Z5,1
B4C2K3,1
B3A4K6,1
E7A2H1,1
S6C4A0,1
R7A3G3,1
R9A1R8,1
E4K3G8,1
Y9L8N8,1
H2K2B9,1
H2K2B6,1
H2K2B7,1
H2K2S9,1
H2K3C4,1
V0S1N0,1
A7C2D2,1
P1H2J1,1
T8V3J9,1
H3Q9M9,1
K3J4F2,1
T3U7N4,1
H1Z3N9,1
H0I5O1,1
K0A1T0,1
H3N2B7,1
H3N2G3,1
H3N2T2,1
V9N1F9,1
E0E7G0,1
E5N1W6,1
H1Z1B2,1
H2L4Z9,1
H2K4S2,1
B9C4D1,1
Y8P3C0,1
L7H7E5,1
V2S3E2,1
L5V2Y1,1
L6S0B8,1
L5N0A2,1
L6W2C2,1
L6Y4M3,1
L6Y1N7,1
L5N6B8,1
N1H7N1,1
N1H7K4,1
N1G5L4,1
L9T0A5,1
T2G4B1,1
E3V2S7,1
H2L3K1,1
H2L2S9,1
J3V3A9,1
H2K2P9,1
H0T9S9,1
H2K3K3,1
H2K4B4,1
C5L3L4,1
T8H1N1,1
E3B9E1,1
H2K2C1,1
H2K2N9,1
H2K2Y6,1
H2K2P4,1
H2K3K2,1
T2S1W4,1
E1F0F0,1
K1W0C8,1
B3S1R3,1
J0S1V0,1
J0K1N0,1
J0V1S0,1
G6L4K6,1
J0H2E0,1
G6P7W7,1
M6D9J6,1
B2V1N1,1
H2P2E4,1
V6E3Z3,1
C8E0Z2,1
H1Z4K9,1
K0H2B0,1
K1P5K6,1
A9H6Y7,1
H2K4M9,1
H2K4M8,1
H2K3K4,1
H2K4A9,1
H2K3Y9,1
H2E2H5,1
H2E3A7,1
X3H5I8,1
E2E2E4,1
Y5F7P7,1
S3N0B8,1
T2A0P6,1
J7X9N8,1
B0A8X1,1
H2K4H8,1
B3T1P3,1
S4N0R6,1
P7E6V1,1
T3E9U9,1
V5U2S6,1
T1X1C5,1
H2L2T7,1
C5P7O4,1
B2W2M5,1
M5K1K2,1
B2H2T3,1
H2L3J9,1
H2L4S3,1
H2L3H5,1
H4T1A1,1
R1A2A1,1
A2D4B3,1
V5A0F8,1
B2Q8S2,1
H2L3A6,1
E4M2E4,1
H2Y1H5,1
H2Y1C8,1
H2K1W1,1
E3X0A3,1
V9F3U3,1
K7M4W9,1
K7M5H2,1
K7H2L7,1
P3C1Z2,1
H2L3E1,1
H2L3H8,1
H2L4L4,1
H2L3G3,1
H2L3G1,1
R7B0M9,1
C8O3G8,1
E7M4N5,1
Y3N2Q1,1
J3G3G4,1
M8L0C9,1
E1C0A6,1
G5U0I4,1
M4M2Y0,1
A1C3F0,1
H4B3A3,1
H4B2R8,1
R8N1T8,1
P0C1J0,1
H2E2B4,1
B7Z1D3,1
P4H1E0,1
V2S3Q1,1
V3P8C9,1
J4Q1R1,1
T2P7B8,1
L6J4Z5,1
K8P9V0,1
H2L2X9,1
M3J3K9,1
H2K3R2,1
H2K1L7,1
Y4B1P0,1
H2L3T3,1
H2L3N8,1
H2A2G4,1
E3V3B1,1
M6G9R8,1
E7I7D4,1
G6P1D6,1
V9H5E2,1
M4C8M7,1
H2K3R3,1
H2K4L3,1
H2K4K8,1
H2X3S2,1
E1H0B9,1
B3B1N7,1
P0K8M4,1
B3L1A3,1
X1H4I3,1
L0S1T0,1
H2L2W3,1
E3C4F1,1
H4B2W7,1
Y2I4M2,1
M0Y2N7,1
J3G3R6,1
L0R2C0,1
E2A1A6,1
H3H2P9,1
L3O6K3,1
G1W8C1,1
J4B3R7,1
A2U8N3,1
Y8C0S4,1
B1H2N4,1
X6T6L2,1
N7F9O3,1
J3E1J9,1
Y4W0E5,1
C7J8Z0,1
M9P1Z4,1
K0O1W3,1
H0N4M3,1
J0I4S3,1
E1C4L6,1
Y6C6Y4,1
R3P0Y2,1
E4E7E9,1
B4N2N1,1
B4N3X9,1
R2R1V4,1
H8D2N7,1
R2R0N6,1
H3S1Y1,1
N7X8T9,1
N1F0V5,1
R3L2R4,1
N7Q6P4,1
T6L8F7,1
B0J3A0,1
J7M7H8,1
B3Z1E5,1
M9U5Q4,1
J3L3M1,1
N7M5J5,1
E3Y1A7,1
M2M2I1,1
H2L4P7,1
H1R5X3,1
S5T2M8,1
K6C2Y0,1
E1E8G5,1
J6A9R1,1
H2K4J1,1
R1A3T7,1
E5J1E1,1
J9E9C8,1
X6U6R2,1
M1I2V6,1
H2I1P0,1
V1K7X2,1
A2C6D4,1
G6Q2K4,1
V3R5G8,1
P1Y3M9,1
Y7A0Y6,1
N9S7B7,1
E3B4X2,1
S9P0Y5,1
E1Y5U7,1
H1I2X5,1
R1N3B5,1
E2A4B9,1
R1W4G9,1
H3X3Z4,1
R2X2X3,1
K6U5G0,1
H3T2A2,1
K3U7E6,1
S9A4Q5,1
Y7Q0R9,1
V8M7G5,1
E4N1V3,1
B2N7B1,1
Y5A8F8,1
N3E1B7,1
S3H3X4,1
P4N2S9,1
P7E6C8,1
R3D0C1,1
V3D3J2,1
H3W1A1,1
P5E8Z2,1
J3X1L6,1
L2J1K3,1
L2J1Y3,1
L3K3S4,1
L2M3H7,1
L2N3T5,1
L2R5H5,1
L2E1P9,1
L2M4S3,1
R2H1J3,1
H3W1B9,1
H3W2T4,1
S5W0T2,1
T9G9J2,1
R6M1X2,1
L7Z4I3,1
J3X1R8,1
J3L3P9,1
E1V2Y7,1
B3S1P1,1
G6Y4J0,1
M6H1H3,1
N0J6B7,1
H4A2A4,1
B0W1R0,1
B6G0N9,1
Y6G7R2,1
R3E0X8,1
T8N7L1,1
A2Q0Y2,1
H3S1H9,1
R7A7B3,1
E1C1B2,1
H3S1L8,1
V8C9F4,1
N6S0Q9,1
R2K4C6,1
N1G5E3,1
M8L9P9,1
E2A3A7,1
C0D5F0,1
C4C9D4,1
J0J2H0,1
H2K4R1,1
R6W4A8,1
B5A4P4,1
H2L3H6,1
H2L3C4,1
H2L2S5,1
H2L2W1,1
P5K4P8,1
H2K2X9,1
K3Y2R8,1
J3H1L6,1
H2L4N9,1
V9G2I6,1
M6Q1Z9,1
G4F5K5,1
V9I6Z0,1
T9N1U3,1
Y0D9Q2,1
J3L2M5,1
J7G0C5,1
L3K3M2,1
K1C6D8,1
J3L4V8,1
J0J1T0,1
B1K4R8,1
M8K9L4,1
C5O9G2,1
C8W1L2,1
V5T2T5,1
H4B2W8,1
B2G2L4,1
M3C2R8,1
H3H1E4,1
B2Y2P7,1
S7K4J2,1
E6E8D9,1
B8F8C0,1
V6K6B0,1
N8R7E9,1
M1P2I5,1
B6L8A2,1
R7D5S1,1
L4B2N1,1
L4B1H4,1
M4K3S3,1
M4S2M5,1
L8E2W2,1
M3J2T8,1
L4L4V2,1
N2A2Y5,1
N2B2G3,1
L4X2X7,1
L6M2V6,1
L9W3L1,1
L4W4L8,1
L5T2L6,1
N1H7Y5,1
J8A0A9,1
K3P8C6,1
Y0N2Y2,1
C5M9Z6,1
R6B8K3,1
H3S1G3,1
H2R4H9,1
T3E0J5,1
E8E1C1,1
E8E1E5,1
H3X3Z8,1
L8Y5B6,1
A9R6W1,1
N7I6T5,1
V3M5X2,1
E2A3D9,1
A9C3B6,1
B8E6B4,1
B1B5D5,1
B6A1B6,1
H9H1C8,1
S6W7I7,1
B5F0Y5,1
H1B5V5,1
E3C1A2,1
E8C2X7,1
E1B3L8,1
R3T4E1,1
A7U9D1,1
M2M2Y0,1
L3H1A4,1
H5G6G2,1
G7J8Q1,1
J8R3O8,1
K1W1K9,1
H2L3P1,1
H2L3T7,1
H2L1V8,1
E3M2Q0,1
J3R1R2,1
G5O2P0,1
J3E2M8,1
S0Y2A6,1
J3G5V5,1
H2L2S8,1
H2L3G4,1
J3X1E7,1
G5L8P2,1
X0S9L5,1
G0V7M1,1
R1V1R1,1
K4A5B4,1
H5Q0J0,1
P4N1D6,1
R1N0N8,1
Y9S6L1,1
J4B1Z6,1
J3X1M6,1
L0J1R8,1
T9L1T8,1
H2L2X6,1
H2L3A1,1
H2L3H7,1
H2L2W2,1
H2L2V9,1
J7F7Y5,1
B3R2H6,1
G4B7V2,1
R6T8J5,1
A5Q3Y3,1
J3V3V2,1
M5W2E1,1
Y2Y0Y2,1
H3B2S2,1
B4B1J7,1
R3B0X5,1
R1N3B9,1
J0H1K0,1
E8O1Y4,1
B8C3F6,1
E7E0A5,1
B3A0B2,1
C9O7R6,1
P2V1Y0,1
S0X0J5,1
H4A3R9,1
J3G2M1,1
H4A3S1,1
H4B2Z4,1
B2C2C1,1
B0F8B2,1
E4E4D2,1
H4V2Y9,1
H4V2M9,1
E2A4R7,1
M5A0B5,1
H3T1Z9,1
R2M5M3,1
J3X1P7,1
B3A1N7,1
J3E1P8,1
R2J3S9,1
H4B2S2,1
J0A1A0,1
J0C1A0,1
J0B2Z0,1
E2A1N9,1
N3R6P0,1
H7A8E1,1
G4W4S9,1
G4W4R7,1
G4W4S6,1
G4W4S1,1
G4W4T1,1
G4W4R8,1
G4W4S5,1
R2T6Z5,1
H2E3M2,1
M2K6X4,1
P9U9Z1,1
B7U3P2,1
G4W4N5,1
E1C9X9,1
E2M2L3,1
E3L2S6,1
H2L3P6,1
Y2Q1M2,1
J4B3T3,1
Y1V5E8,1
B4N5B3,1
B2T1K2,1
M2Q1M2,1
T3N2R2,1
H4V2M6,1
S8Z4B5,1
N6G7H1,1
B2G2E2,1
H3W1E2,1
H3W1C7,1
H3S1K8,1
H3S1K7,1
B2G2C3,1
L4K5P7,1
B4V3J1,1
M8Z0Q0,1
T2M5X7,1
B2T1J5,1
L1C3Y7,1
H4A3S6,1
J3L2H5,1
P0J1P0,1
Y0M2Y0,1
K1P5W1,1
R9X0R1,1
H8V9R4,1
R3J0J9,1
C5K4F9,1
E8E1R4,1
M3M3A3,1
K5P4Q3,1
C1D9C3,1
B1D2A7,1
E7E6D0,1
A5F5E0,1
C1A3F1,1
B5A0D5,1
K5O6C0,1
B3M6W0,1
G0M2B0,1
J7N2W2,1
C5B2Y7,1
J1Q5Z4,1
J3K7W9,1
P3J0V4,1
B0F7C6,1
B2S5R4,1
T9A1X1,1
S6L7K3,1
V3M1B2,1
T9M0H0,1
E8J5S9,1
V3G3G3,1
H0P0N4,1
V4M4Q9,1
B4V2V7,1
R3A1G9,1
B4O1O3,1
A8R4Z4,1
M9M2O5,1
G7A5G6,1
B2G2C4,1
T6B2V6,1
E1H2R4,1
T2P0H5,1
E4P2H1,1
H4V2M5,1
J4B6T2,1
T8A5Z9,1
T5B4K3,1
B0W1M0,1
B5A4A5,1
C5C1B5,1
J4B1L1,1
R2X1R3,1
H3S2V5,1
C2B7C2,1
G8W1Y3,1
R3Q3A6,1
H4V2M4,1
N3R3V9,1
L2J4Z6,1
J3V3T5,1
B2W1O6,1
H3X2J6,1
J3G1R7,1
J2U0J5,1
H3W3G5,1
H3W3G4,1
H3W1C9,1
H3W3H3,1
H3T1N5,1
B2R1Z2,1
V3L2G7,1
H4P2S1,1
H3S2K1,1
H3S1G2,1
E5Z5P1,1
P3K4A4,1
Y4N2Q3,1
M2J5J0,1
C3E3D9,1
C2F7D0,1
B5B8F0,1
E1V6V9,1
J3V5J3,1
J4B3K9,1
K7P2R9,1
N3B2Z6,1
J3E2X9,1
H5E3T0,1
J3I8G3,1
K3G0N8,1
L2W3U1,1
J2D4T1,1
E3N5E1,1
R3G0S7,1
E4N8K9,1
E2E9E4,1
X1N2K0,1
C4Y4A2,1
M9H5P4,1
R0B2J0,1
R7A7R2,1
R2K3H2,1
A4C7C2,1
A3C5C2,1
E2F4E6,1
A1C9C0,1
C1F1E4,1
C2F6E8,1
S1B0E1,1
S1D7B5,1
A1M2Y4,1
R2L0X7,1
B0S1C0,1
B4H3Y6,1
R2P1S6,1
B4N3G2,1
X9W3Q7,1
T4V0K6,1
N8X2S1,1
E5C3J4,1
B9A2S2,1
M9W3W9,1
M1S3M7,1
M2J3B7,1
M9V1A6,1
M9M1V8,1
K2P2H4,1
M9R2V8,1
M6L1C3,1
M4S1Z8,1
M9W3A4,1
M5B2B7,1
Y5M2I3,1
V6H4C9,1
V6B1L6,1
V6C3L5,1
A0C5A4,1
T9H2M6,1
T9C1R7,1
T4S1A1,1
T8B1M6,1
T7Z1Y1,1
T0C2L0,1
T8N5B1,1
T1S1K1,1
T1A2W2,1
T1H2R6,1
T9E4C4,1
T7V2C3,1
T1V1Z5,1
T8V4B4,1
T8L0G6,1
T5J1G4,1
T9M1A1,1
T4C2K8,1
T1W3K1,1
T2G5A5,1
T1R0B3,1
T1L1G3,1
T4B2V8,1
E8E9E9,1
A8B8C8,1
C3D3E6,1
E4E3E3,1
V2P4A6,1
C6C3B6,1
M3O6C2,1
N8Z1C3,1
G0F5V8,1
E2K2Z9,1
J8F1U4,1
E7E2B9,1
E2J3W9,1
M5T3J1,1
E4B2T7,1
E4B2T3,1
H4X1Y8,1
M2Q0M2,1
R3I1E6,1
R9N5P8,1
E1G1T1,1
R2W1A3,1
R2J1G2,1
K1E3W7,1
R1A2L5,1
A4Q0P6,1
E4N0E1,1
B4C9D9,1
V5F1R9,1
H5Y3B9,1
B1F4U6,1
J3G2S8,1
M7A2E1,1
B0M1X0,1
J2J8L3,1
C5U8W1,1
R3R3R1,1
B0P1M6,1
A1N2E0,1
N7K1Y3,1
X0M9R3,1
J4K6N2,1
M5N2Q3,1
B8B1A6,1
B4N3X3,1
A3M2U0,1
M6C8L8,1
M3Y2M3,1
E2J1M5,1
Y3L0W0,1
R8N1Y9,1
K7H3C9,1
L0C1H0,1
L1T4E6,1
M4K1W1,1
L2A1A7,1
L7E1Z7,1
M5R2W6,1
L4M4S4,1
M4K1L4,1
N3C0E4,1
M2K1N9,1
H0G6N4,1
K6V3K5,1
L2P6J6,1
J5E0I6,1
R3C1H3,1
E2V4C5,1
L4L7C7,1
V5C3N4,1
L8E5L6,1
L3M4E9,1
L7R4G8,1
L8E4V4,1
K7M6R2,1
E7B1V7,1
J9A0B4,1
Y8J1B5,1
S0E1T0,1
E1E1H9,1
J8X2K4,1
A0A0A4,1
H3S0G1,1
E7M2M8,1
B7M0J1,1
M9P8W1,1
E3N3H1,1
V7Y1L2,1
B4C3E3,1
T1B2R4,1
R4Z0G3,1
B2X1S1,1
N5Z1M7,1
E1C2S5,1
K7K3Z3,1
K2G6E2,1
K2H8P4,1
K1E3V7,1
K2H5K2,1
K2G6B1,1
K1G3H7,1
T2E6Z3,1
A1M2Q3,1
K9S6F4,1
E1A4P3,1
E1G2W5,1
E4F2F3,1
M9N1V8,1
M9N2M8,1
M9W3P4,1
M9V2V7,1
M6N3V7,1
E3B5A6,1
E2J2B1,1
E1C2T9,1
R9A1K4,1
B3B1S8,1
E3C2G4,1
B2B2B0,1
E1E2D0,1
C4C7A3,1
S6U9X1,1
E6E0D4,1
R8K2Q4,1
G8X3Y3,1
K0A1M1,1
K7L2Z3,1
L8R2K5,1
K1G3N4,1
V3A2K3,1
E3C0C3,1
V5C3Z6,1
C0C2C1,1
M5G1M6,1
J4P1L3,1
V0N1S0,1
V0G2J0,1
V4W3N5,1
V0H1R0,1
V0G1G0,1
V0H1E0,1
V3S6K7,1
K1R1B1,1
T0E0A0,1
E9C1Z4,1
R5G1Z4,1
E4L3R6,1
R0J9A6,1
R3B3G8,1
E7E2C3,1
E1E1H5,1
M3M2U1,1
K2A2C4,1
Y5K5D9,1
Y3U5E3,1
M5Z5T6,1
L4N9P2,1
B2V2R6,1
M3N2R5,1
M3N1J5,1
M3N2G8,1
M3N2W7,1
M3N1J4,1
H9G1W7,1
R3H0B8,1
E6D1D9,1
E7A6F6,1
R0E0M0,1
B4C6F6,1
R7A6N5,1
A0G2A0,1
A0E1J0,1
A5A1Y9,1
A0J1T0,1
A0J1J0,1
A2N2Y7,1
A2N2Z4,1
A0E1E0,1
A1Y1A7,1
A1Y1B6,1
A1Y1C3,1
A0H1P0,1
A0B2Y0,1
A1V1A9,1
A1V1W6,1
A1V1W8,1
A2V2G7,1
A2V2K7,1
A2A2P9,1
A2A2A8,1
A2A2J4,1
A2H6C7,1
A2H6E7,1
A1C6J9,1
A1E4N1,1
Y2U5N2,1
B2N6Z1,1
B4B1S1,1
E2J0A7,1
R3T2A2,1
N5V3C7,1
B4V1A9,1
E5B1T7,1
E1M2Y3,1
K2O3Y3,1
Y9S7T1,1
Y7S1D0,1
R0Y6O9,1
L3V3K8,1
E2B8D7,1
N3Y4M5,1
J8F3U8,1
M9X1Z0,1
T5S1R8,1
T5V1A7,1
R3B0J7,1
E1E2C5,1
C8U6I6,1
H6R6N0,1
R1J2L4,1
V2W0A1,1
N2W6D5,1
V4L7P2,1
N0Z0F5,1
M5H2N2,1
E8E4A4,1
E5C6C5,1
C9A7B2,1
T4E0A1,1
C8C8C9,1
C7C7C8,1
C1N4P6,1
M6B1M7,1
M6A1W4,1
K1P5G4,1
L7L5M4,1
E3V3A4,1
C0B1Y0,1
E3V5A8,1
S4P4B4,1
C1N4J9,1
E2G2A9,1
C3E9B6,1
C6E8F3,1
M5R3N5,1
C1A7K4,1
E3B5Y4,1
H3C3P8,1
C1C1N2,1
B9B8B4,1
E1N3A6,1
B0E3B0,1
C1A4A1,1
B3E6B4,1
V6B5L1,1
G1L2V1,1
E2E6F0,1
B3J1S5,1
B5B5E4,1
H3B1B1,1
R3T2G6,1
E7F0D7,1
C5R6R8,1
E0O4W0,1
L1W3S1,1
N8W3T9,1
N9C3Y6,1
R2L1L7,1
M5V1A3,1
R8N2B5,1
B5A3E8,1
B8C2A0,1
V7A0A3,1
B3V9X2,1
E5D4F7,1
P9J7R8,1
Y2Y2I2,1
K1B6N5,1
H7T0A3,1
H7L2B8,1
H9R2Y2,1
V0X2L0,1
C7B4D7,1
T9E8L9,1
Y1I9V2,1
K0H2H0,1
V5J5H1,1
V5G3H4,1
T1H5G8,1
M9B4B0,1
E3V1T4,1
R3B3C2,1
T8A4X1,1
T8L2C3,1
T8L2C5,1
T8H1R4,1
E9F8F5,1
B6D3F4,1
C1N5T4,1
G8J2I4,1
E2E3E4,1
E4H2Y7,1
A8C5D2,1
B0N2B0,1
V8W9R7,1
A7A1E0,1
V2N6K6,1
C1B1E7,1
C8H7Y7,1
C6B3A8,1
E5F2T3,1
C1N4H8,1
V3O1I9,1
R3N0E2,1
C1A4B5,1
B9A2S4,1
C0D8F0,1
K1K1N1,1
B3J2A2,1
C0A1S0,1
P0M2N0,1
J4G2N9,1
C0A2B0,1
H2S3K9,1
R7A0L3,1
B2G1X7,1
C1D5B6,1
L1J5M1,1
A4F4B1,1
E7C7F9,1
E1W1B2,1
C9C4B3,1
L3X1V6,1
G2E2E3,1
B1P5S3,1
E3N1T8,1
C4G5J8,1
T7E1V6,1
M7A1A1,1
C1A1T4,1
E0D7F1,1
B4F0F5,1
E4A0C2,1
B7A7A5,1
T9H5B5,1
Y0B1C0,1
Y1A1B1,1
R3P0Y5,1
Y1A1J6,1
L9Y1E4,1
N2E0M2,1
S7L6M4,1
N2Z2X3,1
M2E2M2,1
S9A5B8,1
M1M2U3,1
M4V3B1,1
J6E1X3,1
E3Y3H6,1
R2G4J1,1
R3T2H9,1
K1R5T5,1
Y1A2B3,1
E3Z1G5,1
T7S0A6,1
P0B1J0,1
R3C1K9,1
J3H6H4,1
T6G2P8,1
B0N1Z0,1
V6C3T5,1
A4E2B9,1
M4S2A7,1
C1A4A2,1
L0S1C0,1
L2V4R5,1
J3H3N2,1
B5F6C8,1
L9W5K9,1
T6E5R5,1
T3C0T3,1
V6B1H5,1
N6C4R3,1
E0A9A3,1
E3A1C9,1
L3R9S1,1
N3Y4L1,1
E2V2H1,1
K0H2M0,1
M4W3P4,1
E8S1N2,1
L2R7P9,1
B3B1J4,1
B3B1L4,1
N0J1M0,1
B1P5R6,1
G0E7X8,1
K0V9P7,1
J1F8I7,1
T1U9R5,1
V4J6E6,1
T2F9E7,1
N3Z9P7,1
L5C6G5,1
K1A7D3,1
H2N8P3,1
V7H2M0,1
K6T1A7,1
K0H2W0,1
B8F5N0,1
X2I6V4,1
C1N4C9,1
C1A6Z2,1
A8A6A5,1
S6H1W4,1
S6J1L8,1
S6H2W5,1
S6H1T2,1
S7L6A9,1
C1E2C6,1
B0D5E1,1
R0C2L0,1
V5Y2L2,1
K0H2T0,1
J8T8J1,1
K0H1L0,1
K7V1P6,1
K7R2Z4,1
K7K6Y3,1
T4N3Y4,1
R2X2N6,1
B2A4T1,1
V9L0C2,1
N2B3V1,1
L7L4V3,1
E5C4D0,1
B5D4B5,1
C4E7E9,1
E0S4R7,1
Y9G2M1,1
V5H1X6,1
M5Z5Q0,1
L9X4M1,1
H0W6N8,1
R3C3S9,1
E0F1B3,1
C0A2A6,1
C6B8F4,1
B0P1L0,1
L6J7W4,1
E4F4A8,1
B1D1A8,1
B3B8B4,1
R2H2V5,1
V5T1G5,1
L4T4J1,1
A8D2C8,1
C0E4D9,1
N6U6N6,1
M6N3X3,1
M6M1P1,1
M6M2E6,1
M6M5A5,1
M6S4P4,1
M6M5E2,1
M6N2H6,1
L4T2Z2,1
B3D9E3,1
E2F1F6,1
T9V3C1,1
V3R0Z7,1
V2Y0A1,1
E1V4A1,1
P1B8J5,1
C0B6D7,1
M4S2L9,1
X0E0R9,1
J2K2Y8,1
A0P1G0,1
B1Y2Z6,1
T2N2A9,1
T2Z2G2,1
V9P9C7,1
R3R2S3,1
V9Y7M4,1
V2A8L8,1
G1W1P6,1
G8B1M8,1
G6V4Z4,1
G7A3L5,1
J3L6C5,1
J3N1L7,1
G0S1S0,1
J0K1S0,1
J7T2B1,1
J9H0B8,1
K2B8E6,1
K1Z5B8,1
K1H7X5,1
K1N9Z2,1
J8L2G5,1
J8Y1Z7,1
K1N5T5,1
K2B6R9,1
K1S1C6,1
M3H2Y4,1
M5N0A2,1
M9B3B6,1
L0R2H2,1
L2N6P6,1
L9H7P6,1
L4H7X4,1
L1N6M7,1
P2A2P5,1
L3T5P4,1
M9A4G5,1
K6H6M9,1
N7A1N3,1
P1H2B4,1
M6S2J7,1
M8X2Z3,1
M5S1G4,1
L0G1V0,1
K8A7R4,1
L0G1A0,1
L4C5N1,1
M4B3H6,1
M4K1N8,1
K9J3H3,1
K9A2L9,1
L2H2H1,1
L0S1N0,1
B1S1C6,1
B0T1K0,1
Y8H9X1,1
A3D0A3,1
C1A7N9,1
C0O9N0,1
S2L0A8,1
A2J3K1,1
T1B4A6,1
E8E8F0,1
K8N2Y8,1
N0W5I9,1
G4E2T7,1
C2F0A4,1
H2R2L1,1
C3E1V0,1
J7W6I4,1
V2N2K4,1
L4L8R3,1
V8M1J5,1
V8L1Y1,1
V8L5W5,1
V8L4Z9,1
V8T2A1,1
V8T1T8,1
V9B2Y5,1
V8L3C9,1
R1A0T2,1
C1A7J7,1
T6J6V2,1
T2R1S6,1
V5G1G6,1
T6B3K9,1
L1N6J3,1
T8H2W7,1
T0H1Z0,1
T8V8E4,1
L5T2W6,1
B4H1X6,1
P4N8P3,1
M4X7H7,1
P9X1R7,1
S4M2U3,1
H2G1R9,1
G4E0W2,1
M9M4S6,1
J4J4J4,1
T5O0S6,1
A9S9M2,1
L8T8U8,1
L4X0X3,1
K0E3B1,1
X5C5A6,1
J1T8U5,1
J4B0P5,1
J0I9Q1,1
X5W9Y5,1
G0W6G4,1
R2R1X5,1
J7Z8V0,1
T5C6I2,1
X6O1I8,1
E3I6N5,1
B4P1Z9,1
V7Y1C6,1
Y1A2H1,1
V0B1G3,1
Y1A2V3,1
T5M3P9,1
M7S7L4,1
P5C0T5,1
X9I1H0,1
X0M2B3,1
P5O6U5,1
M4K2R6,1
J0T2B0,1
R3M2L4,1
C0D8F8,1
M6S1R8,1
E2A1X8,1
E3E3E4,1
C1A4M9,1
E9F8E9,1
E2F0D1,1
B7A4A5,1
B1A3A5,1
E1E2L1,1
P1B9B4,1
T8S1M6,1
T5A4L3,1
E8D6D2,1
Y0B1H0,1
E3Y3N5,1
L9G1N5,1
P4N1E3,1
R7N1K4,1
T5M3B8,1
K7R3K9,1
L6G0B5,1
B1E1D0,1
E3Y3S5,1
L8Y7Q2,1
S6H4P9,1
M0D6A5,1
C3W7E1,1
R3P0V5,1
A5J0P6,1
C0B2E0,1
C1N1A8,1
T6S1A3,1
K9D4C2,1
E3N4E2,1
A7R6A0,1
C5B7Z9,1
L0Z6X7,1
V2Y9D7,1
T8V6M7,1
T0H2L0,1
T8V0R7,1
A4F9B1,1
C1A5X8,1
E4F1C9,1
T7V2C7,1
C0A1G0,1
R5G1X2,1
R1A1T8,1
R7A6C2,1
R6M2G3,1
R5G1Y7,1
R8N0L6,1
Y1A2T7,1
B2B2B1,1
V2P1T3,1
A1B0B5,1